ggml_cuda_init: found 8 CUDA devices (Total VRAM: 256872 MiB):
  Device 0: NVIDIA GeForce RTX 5090, compute capability 12.0, VMM: yes, VRAM: 32109 MiB
  Device 1: NVIDIA GeForce RTX 5090, compute capability 12.0, VMM: yes, VRAM: 32109 MiB
  Device 2: NVIDIA GeForce RTX 5090, compute capability 12.0, VMM: yes, VRAM: 32109 MiB
  Device 3: NVIDIA GeForce RTX 5090, compute capability 12.0, VMM: yes, VRAM: 32109 MiB
  Device 4: NVIDIA GeForce RTX 5090, compute capability 12.0, VMM: yes, VRAM: 32109 MiB
  Device 5: NVIDIA GeForce RTX 5090, compute capability 12.0, VMM: yes, VRAM: 32109 MiB
  Device 6: NVIDIA GeForce RTX 5090, compute capability 12.0, VMM: yes, VRAM: 32109 MiB
  Device 7: NVIDIA GeForce RTX 5090, compute capability 12.0, VMM: yes, VRAM: 32109 MiB
llama_model_loader: additional 5 GGUFs metadata loaded.
llama_model_loader: loaded meta data with 69 key-value pairs and 1809 tensors from /work/GLM-5.2-GGUF/UD-IQ2_M/GLM-5.2-UD-IQ2_M-00001-of-00006.gguf (version GGUF V3 (latest))
llama_model_loader: Dumping metadata keys/values. Note: KV overrides do not apply in this output.
llama_model_loader: - kv   0:                       general.architecture str              = glm-dsa
llama_model_loader: - kv   1:                               general.type str              = model
llama_model_loader: - kv   2:                     general.sampling.top_p f32              = 0.950000
llama_model_loader: - kv   3:                      general.sampling.temp f32              = 1.000000
llama_model_loader: - kv   4:                               general.name str              = Glm-5.2
llama_model_loader: - kv   5:                            general.version str              = 5.2
llama_model_loader: - kv   6:                           general.basename str              = Glm-5.2
llama_model_loader: - kv   7:                       general.quantized_by str              = Unsloth
llama_model_loader: - kv   8:                         general.size_label str              = 256x22B
llama_model_loader: - kv   9:                            general.license str              = mit
llama_model_loader: - kv  10:                           general.repo_url str              = https://huggingface.co/unsloth
llama_model_loader: - kv  11:                   general.base_model.count u32              = 1
llama_model_loader: - kv  12:                  general.base_model.0.name str              = GLM 5.2
llama_model_loader: - kv  13:               general.base_model.0.version str              = 5.2
llama_model_loader: - kv  14:          general.base_model.0.organization str              = Zai Org
llama_model_loader: - kv  15:              general.base_model.0.repo_url str              = https://huggingface.co/zai-org/GLM-5.2
llama_model_loader: - kv  16:                               general.tags arr[str,2]       = ["unsloth", "text-generation"]
llama_model_loader: - kv  17:                          general.languages arr[str,2]       = ["en", "zh"]
llama_model_loader: - kv  18:                        glm-dsa.block_count u32              = 79
llama_model_loader: - kv  19:                     glm-dsa.context_length u32              = 1048576
llama_model_loader: - kv  20:                   glm-dsa.embedding_length u32              = 6144
llama_model_loader: - kv  21:                glm-dsa.feed_forward_length u32              = 12288
llama_model_loader: - kv  22:               glm-dsa.attention.head_count u32              = 64
llama_model_loader: - kv  23:            glm-dsa.attention.head_count_kv u32              = 1
llama_model_loader: - kv  24:                     glm-dsa.rope.freq_base f32              = 8000000.000000
llama_model_loader: - kv  25:   glm-dsa.attention.layer_norm_rms_epsilon f32              = 0.000010
llama_model_loader: - kv  26:                       glm-dsa.expert_count u32              = 256
llama_model_loader: - kv  27:                  glm-dsa.expert_used_count u32              = 8
llama_model_loader: - kv  28:                 glm-dsa.expert_group_count u32              = 1
llama_model_loader: - kv  29:            glm-dsa.expert_group_used_count u32              = 1
llama_model_loader: - kv  30:                 glm-dsa.expert_gating_func u32              = 2
llama_model_loader: - kv  31:               glm-dsa.attention.key_length u32              = 576
llama_model_loader: - kv  32:             glm-dsa.attention.value_length u32              = 512
llama_model_loader: - kv  33:          glm-dsa.leading_dense_block_count u32              = 3
llama_model_loader: - kv  34:                         glm-dsa.vocab_size u32              = 154880
llama_model_loader: - kv  35:              glm-dsa.attention.q_lora_rank u32              = 2048
llama_model_loader: - kv  36:             glm-dsa.attention.kv_lora_rank u32              = 512
llama_model_loader: - kv  37:           glm-dsa.attention.key_length_mla u32              = 256
llama_model_loader: - kv  38:         glm-dsa.attention.value_length_mla u32              = 256
llama_model_loader: - kv  39:         glm-dsa.expert_feed_forward_length u32              = 2048
llama_model_loader: - kv  40:                glm-dsa.expert_shared_count u32              = 1
llama_model_loader: - kv  41:               glm-dsa.expert_weights_scale f32              = 2.500000
llama_model_loader: - kv  42:                glm-dsa.expert_weights_norm bool             = true
llama_model_loader: - kv  43:               glm-dsa.rope.dimension_count u32              = 64
llama_model_loader: - kv  44:               glm-dsa.nextn_predict_layers u32              = 1
llama_model_loader: - kv  45:       glm-dsa.attention.indexer.head_count u32              = 32
llama_model_loader: - kv  46:       glm-dsa.attention.indexer.key_length u32              = 128
llama_model_loader: - kv  47:            glm-dsa.attention.indexer.top_k u32              = 2048
llama_model_loader: - kv  48:                       tokenizer.ggml.model str              = gpt2
llama_model_loader: - kv  49:                         tokenizer.ggml.pre str              = glm4
llama_model_loader: - kv  50:                      tokenizer.ggml.tokens arr[str,154880]  = ["!", "\"", "#", "$", "%", "&", "'", ...
llama_model_loader: - kv  51:                  tokenizer.ggml.token_type arr[i32,154880]  = [1, 1, 1, 1, 1, 1, 1, 1, 1, 1, 1, 1, ...
llama_model_loader: - kv  52:                      tokenizer.ggml.merges arr[str,321649]  = ["Ġ Ġ", "Ġ ĠĠĠ", "ĠĠ ĠĠ", "...
llama_model_loader: - kv  53:                tokenizer.ggml.eos_token_id u32              = 154820
llama_model_loader: - kv  54:            tokenizer.ggml.padding_token_id u32              = 154821
llama_model_loader: - kv  55:                tokenizer.ggml.bos_token_id u32              = 154822
llama_model_loader: - kv  56:                tokenizer.ggml.eot_token_id u32              = 154827
llama_model_loader: - kv  57:            tokenizer.ggml.unknown_token_id u32              = 154820
llama_model_loader: - kv  58:                tokenizer.ggml.eom_token_id u32              = 154829
llama_model_loader: - kv  59:                    tokenizer.chat_template str              = [gMASK]<sop>\n{%- set effective_reason...
llama_model_loader: - kv  60:               general.quantization_version u32              = 2
llama_model_loader: - kv  61:                          general.file_type u32              = 29
llama_model_loader: - kv  62:                      quantize.imatrix.file str              = GLM-5.2-GGUF/imatrix_unsloth.gguf
llama_model_loader: - kv  63:                   quantize.imatrix.dataset str              = unsloth_calibration_GLM-5.2.txt
llama_model_loader: - kv  64:             quantize.imatrix.entries_count u32              = 1002
llama_model_loader: - kv  65:              quantize.imatrix.chunks_count u32              = 88
llama_model_loader: - kv  66:                                   split.no u16              = 0
llama_model_loader: - kv  67:                        split.tensors.count i32              = 1809
llama_model_loader: - kv  68:                                split.count u16              = 6
llama_model_loader: - type  f32:  709 tensors
llama_model_loader: - type q8_0:  476 tensors
llama_model_loader: - type q2_K:    2 tensors
llama_model_loader: - type q3_K:    1 tensors
llama_model_loader: - type q4_K:    1 tensors
llama_model_loader: - type q5_K:  313 tensors
llama_model_loader: - type q6_K:   82 tensors
llama_model_loader: - type iq2_xxs:  148 tensors
llama_model_loader: - type iq3_xxs:   71 tensors
llama_model_loader: - type iq2_s:    2 tensors
llama_model_loader: - type iq4_xs:    4 tensors
print_info: file format = GGUF V3 (latest)
print_info: file type   = IQ2_M - 2.7 bpw
print_info: file size   = 222.18 GiB (2.53 BPW) 
llama_prepare_model_devices: using device CUDA0 (NVIDIA GeForce RTX 5090) (0000:01:00.0) - 31597 MiB free
llama_prepare_model_devices: using device CUDA1 (NVIDIA GeForce RTX 5090) (0000:25:00.0) - 31597 MiB free
llama_prepare_model_devices: using device CUDA2 (NVIDIA GeForce RTX 5090) (0000:41:00.0) - 31597 MiB free
llama_prepare_model_devices: using device CUDA3 (NVIDIA GeForce RTX 5090) (0000:61:00.0) - 31597 MiB free
llama_prepare_model_devices: using device CUDA4 (NVIDIA GeForce RTX 5090) (0000:81:00.0) - 31597 MiB free
llama_prepare_model_devices: using device CUDA5 (NVIDIA GeForce RTX 5090) (0000:a1:00.0) - 31597 MiB free
llama_prepare_model_devices: using device CUDA6 (NVIDIA GeForce RTX 5090) (0000:c1:00.0) - 31597 MiB free
llama_prepare_model_devices: using device CUDA7 (NVIDIA GeForce RTX 5090) (0000:e1:00.0) - 31597 MiB free
init_tokenizer: initializing tokenizer for type 2
load: 0 unused tokens
load: control token: 154854 '<|image|>' is not marked as EOG
load: control token: 154853 '<|end_of_box|>' is not marked as EOG
load: control token: 154852 '<|begin_of_box|>' is not marked as EOG
load: control token: 154840 '<|code_suffix|>' is not marked as EOG
load: control token: 154837 '<|end_of_transcription|>' is not marked as EOG
load: control token: 154834 '<|begin_of_audio|>' is not marked as EOG
load: control token: 154833 '<|end_of_video|>' is not marked as EOG
load: control token: 154832 '<|begin_of_video|>' is not marked as EOG
load: control token: 154829 '<|observation|>' is not marked as EOG
load: control token: 154824 '<sop>' is not marked as EOG
load: control token: 154822 '[gMASK]' is not marked as EOG
load: control token: 154821 '[MASK]' is not marked as EOG
load: control token: 154839 '<|code_middle|>' is not marked as EOG
load: control token: 154838 '<|code_prefix|>' is not marked as EOG
load: control token: 154828 '<|assistant|>' is not marked as EOG
load: control token: 154823 '[sMASK]' is not marked as EOG
load: control token: 154825 '<eop>' is not marked as EOG
load: control token: 154826 '<|system|>' is not marked as EOG
load: control token: 154827 '<|user|>' is not marked as EOG
load: control token: 154831 '<|end_of_image|>' is not marked as EOG
load: control token: 154830 '<|begin_of_image|>' is not marked as EOG
load: control token: 154855 '<|video|>' is not marked as EOG
load: control token: 154836 '<|begin_of_transcription|>' is not marked as EOG
load: control token: 154835 '<|end_of_audio|>' is not marked as EOG
load: special_eot_id is not in special_eog_ids - the tokenizer config may be incorrect
load: special_eom_id is not in special_eog_ids - the tokenizer config may be incorrect
load: printing all EOG tokens:
load:   - 154820 ('<|endoftext|>')
load:   - 154827 ('<|user|>')
load:   - 154829 ('<|observation|>')
load: special tokens cache size = 36
load: token to piece cache size = 0.9811 MB
print_info: arch                  = glm-dsa
print_info: vocab_only            = 0
print_info: no_alloc              = 1
print_info: n_ctx_train           = 1048576
print_info: n_embd_inp            = 6144
print_info: n_embd                = 6144
print_info: n_embd_out            = 6144
print_info: n_layer               = 78
print_info: n_layer_all           = 79
print_info: n_head                = 64
print_info: n_head_kv             = 1
print_info: n_rot                 = 64
print_info: n_swa                 = 0
print_info: is_swa_any            = 0
print_info: n_embd_head_k         = 576
print_info: n_embd_head_v         = 512
print_info: n_gqa                 = 64
print_info: n_embd_k_gqa          = 576
print_info: n_embd_v_gqa          = 512
print_info: f_norm_eps            = 0.0e+00
print_info: f_norm_rms_eps        = 1.0e-05
print_info: f_clamp_kqv           = 0.0e+00
print_info: f_max_alibi_bias      = 0.0e+00
print_info: f_logit_scale         = 0.0e+00
print_info: f_attn_scale          = 0.0e+00
print_info: f_attn_value_scale    = 0.0000
print_info: n_ff                  = 12288
print_info: n_expert              = 256
print_info: n_expert_used         = 8
print_info: n_expert_groups       = 1
print_info: n_group_used          = 1
print_info: causal attn           = 1
print_info: pooling type          = -1
print_info: rope type             = 0
print_info: rope scaling          = linear
print_info: freq_base_train       = 8000000.0
print_info: freq_scale_train      = 1
print_info: n_ctx_orig_yarn       = 1048576
print_info: rope_yarn_log_mul     = 0.0000
print_info: rope_finetuned        = unknown
print_info: model type            = ?B
print_info: model params          = 753.86 B
print_info: general.name          = Glm-5.2
print_info: n_layer_dense_lead    = 3
print_info: n_lora_q              = 2048
print_info: n_lora_kv             = 512
print_info: n_embd_head_k_mla     = 256
print_info: n_embd_head_v_mla     = 256
print_info: n_ff_exp              = 2048
print_info: n_expert_shared       = 1
print_info: expert_weights_scale  = 2.5
print_info: expert_weights_norm   = 1
print_info: expert_gating_func    = sigmoid
print_info: vocab type            = BPE
print_info: n_vocab               = 154880
print_info: n_merges              = 321649
print_info: BOS token             = 154822 '[gMASK]'
print_info: EOS token             = 154820 '<|endoftext|>'
print_info: EOT token             = 154827 '<|user|>'
print_info: EOM token             = 154829 '<|observation|>'
print_info: UNK token             = 154820 '<|endoftext|>'
print_info: PAD token             = 154821 '[MASK]'
print_info: LF token              = 198 'Ċ'
print_info: FIM PRE token         = 154838 '<|code_prefix|>'
print_info: FIM SUF token         = 154840 '<|code_suffix|>'
print_info: FIM MID token         = 154839 '<|code_middle|>'
print_info: EOG token             = 154820 '<|endoftext|>'
print_info: EOG token             = 154827 '<|user|>'
print_info: EOG token             = 154829 '<|observation|>'
print_info: max token length      = 1024
load_tensors: loading model tensors, this can take a while... (mmap = false, direct_io = false)
load_tensors: layer   0 assigned to device CUDA0, is_swa = 0
load_tensors: layer   1 assigned to device CUDA0, is_swa = 0
load_tensors: layer   2 assigned to device CUDA0, is_swa = 0
load_tensors: layer   3 assigned to device CUDA0, is_swa = 0
load_tensors: layer   4 assigned to device CUDA0, is_swa = 0
load_tensors: layer   5 assigned to device CUDA0, is_swa = 0
load_tensors: layer   6 assigned to device CUDA0, is_swa = 0
load_tensors: layer   7 assigned to device CUDA0, is_swa = 0
load_tensors: layer   8 assigned to device CUDA0, is_swa = 0
load_tensors: layer   9 assigned to device CUDA0, is_swa = 0
load_tensors: layer  10 assigned to device CUDA1, is_swa = 0
load_tensors: layer  11 assigned to device CUDA1, is_swa = 0
load_tensors: layer  12 assigned to device CUDA1, is_swa = 0
load_tensors: layer  13 assigned to device CUDA1, is_swa = 0
load_tensors: layer  14 assigned to device CUDA1, is_swa = 0
load_tensors: layer  15 assigned to device CUDA1, is_swa = 0
load_tensors: layer  16 assigned to device CUDA1, is_swa = 0
load_tensors: layer  17 assigned to device CUDA1, is_swa = 0
load_tensors: layer  18 assigned to device CUDA1, is_swa = 0
load_tensors: layer  19 assigned to device CUDA1, is_swa = 0
load_tensors: layer  20 assigned to device CUDA2, is_swa = 0
load_tensors: layer  21 assigned to device CUDA2, is_swa = 0
load_tensors: layer  22 assigned to device CUDA2, is_swa = 0
load_tensors: layer  23 assigned to device CUDA2, is_swa = 0
load_tensors: layer  24 assigned to device CUDA2, is_swa = 0
load_tensors: layer  25 assigned to device CUDA2, is_swa = 0
load_tensors: layer  26 assigned to device CUDA2, is_swa = 0
load_tensors: layer  27 assigned to device CUDA2, is_swa = 0
load_tensors: layer  28 assigned to device CUDA2, is_swa = 0
load_tensors: layer  29 assigned to device CUDA2, is_swa = 0
load_tensors: layer  30 assigned to device CUDA3, is_swa = 0
load_tensors: layer  31 assigned to device CUDA3, is_swa = 0
load_tensors: layer  32 assigned to device CUDA3, is_swa = 0
load_tensors: layer  33 assigned to device CUDA3, is_swa = 0
load_tensors: layer  34 assigned to device CUDA3, is_swa = 0
load_tensors: layer  35 assigned to device CUDA3, is_swa = 0
load_tensors: layer  36 assigned to device CUDA3, is_swa = 0
load_tensors: layer  37 assigned to device CUDA3, is_swa = 0
load_tensors: layer  38 assigned to device CUDA3, is_swa = 0
load_tensors: layer  39 assigned to device CUDA3, is_swa = 0
load_tensors: layer  40 assigned to device CUDA4, is_swa = 0
load_tensors: layer  41 assigned to device CUDA4, is_swa = 0
load_tensors: layer  42 assigned to device CUDA4, is_swa = 0
load_tensors: layer  43 assigned to device CUDA4, is_swa = 0
load_tensors: layer  44 assigned to device CUDA4, is_swa = 0
load_tensors: layer  45 assigned to device CUDA4, is_swa = 0
load_tensors: layer  46 assigned to device CUDA4, is_swa = 0
load_tensors: layer  47 assigned to device CUDA4, is_swa = 0
load_tensors: layer  48 assigned to device CUDA4, is_swa = 0
load_tensors: layer  49 assigned to device CUDA4, is_swa = 0
load_tensors: layer  50 assigned to device CUDA5, is_swa = 0
load_tensors: layer  51 assigned to device CUDA5, is_swa = 0
load_tensors: layer  52 assigned to device CUDA5, is_swa = 0
load_tensors: layer  53 assigned to device CUDA5, is_swa = 0
load_tensors: layer  54 assigned to device CUDA5, is_swa = 0
load_tensors: layer  55 assigned to device CUDA5, is_swa = 0
load_tensors: layer  56 assigned to device CUDA5, is_swa = 0
load_tensors: layer  57 assigned to device CUDA5, is_swa = 0
load_tensors: layer  58 assigned to device CUDA5, is_swa = 0
load_tensors: layer  59 assigned to device CUDA5, is_swa = 0
load_tensors: layer  60 assigned to device CUDA6, is_swa = 0
load_tensors: layer  61 assigned to device CUDA6, is_swa = 0
load_tensors: layer  62 assigned to device CUDA6, is_swa = 0
load_tensors: layer  63 assigned to device CUDA6, is_swa = 0
load_tensors: layer  64 assigned to device CUDA6, is_swa = 0
load_tensors: layer  65 assigned to device CUDA6, is_swa = 0
load_tensors: layer  66 assigned to device CUDA6, is_swa = 0
load_tensors: layer  67 assigned to device CUDA6, is_swa = 0
load_tensors: layer  68 assigned to device CUDA6, is_swa = 0
load_tensors: layer  69 assigned to device CUDA6, is_swa = 0
load_tensors: layer  70 assigned to device CUDA7, is_swa = 0
load_tensors: layer  71 assigned to device CUDA7, is_swa = 0
load_tensors: layer  72 assigned to device CUDA7, is_swa = 0
load_tensors: layer  73 assigned to device CUDA7, is_swa = 0
load_tensors: layer  74 assigned to device CUDA7, is_swa = 0
load_tensors: layer  75 assigned to device CUDA7, is_swa = 0
load_tensors: layer  76 assigned to device CUDA7, is_swa = 0
load_tensors: layer  77 assigned to device CUDA7, is_swa = 0
load_tensors: layer  78 assigned to device CUDA7, is_swa = 0
load_tensors: layer  79 assigned to device CUDA7, is_swa = 0
create_tensor: loading tensor token_embd.weight
create_tensor: loading tensor output_norm.weight
create_tensor: loading tensor output.weight
create_tensor: loading tensor blk.0.attn_norm.weight
create_tensor: loading tensor blk.0.attn_q_a_norm.weight
create_tensor: loading tensor blk.0.attn_kv_a_norm.weight
create_tensor: loading tensor blk.0.attn_q_a.weight
create_tensor: loading tensor blk.0.attn_q_b.weight
create_tensor: loading tensor blk.0.attn_kv_a_mqa.weight
create_tensor: loading tensor blk.0.attn_k_b.weight
create_tensor: loading tensor blk.0.attn_v_b.weight
create_tensor: loading tensor blk.0.attn_output.weight
create_tensor: loading tensor blk.0.ffn_norm.weight
create_tensor: loading tensor blk.0.indexer.k_norm.weight
create_tensor: loading tensor blk.0.indexer.k_norm.bias
create_tensor: loading tensor blk.0.indexer.proj.weight
create_tensor: loading tensor blk.0.indexer.attn_k.weight
create_tensor: loading tensor blk.0.indexer.attn_q_b.weight
create_tensor: loading tensor blk.0.ffn_gate.weight
create_tensor: loading tensor blk.0.ffn_down.weight
create_tensor: loading tensor blk.0.ffn_up.weight
create_tensor: loading tensor blk.1.attn_norm.weight
create_tensor: loading tensor blk.1.attn_q_a_norm.weight
create_tensor: loading tensor blk.1.attn_kv_a_norm.weight
create_tensor: loading tensor blk.1.attn_q_a.weight
create_tensor: loading tensor blk.1.attn_q_b.weight
create_tensor: loading tensor blk.1.attn_kv_a_mqa.weight
create_tensor: loading tensor blk.1.attn_k_b.weight
create_tensor: loading tensor blk.1.attn_v_b.weight
create_tensor: loading tensor blk.1.attn_output.weight
create_tensor: loading tensor blk.1.ffn_norm.weight
create_tensor: loading tensor blk.1.indexer.k_norm.weight
create_tensor: loading tensor blk.1.indexer.k_norm.bias
create_tensor: loading tensor blk.1.indexer.proj.weight
create_tensor: loading tensor blk.1.indexer.attn_k.weight
create_tensor: loading tensor blk.1.indexer.attn_q_b.weight
create_tensor: loading tensor blk.1.ffn_gate.weight
create_tensor: loading tensor blk.1.ffn_down.weight
create_tensor: loading tensor blk.1.ffn_up.weight
create_tensor: loading tensor blk.2.attn_norm.weight
create_tensor: loading tensor blk.2.attn_q_a_norm.weight
create_tensor: loading tensor blk.2.attn_kv_a_norm.weight
create_tensor: loading tensor blk.2.attn_q_a.weight
create_tensor: loading tensor blk.2.attn_q_b.weight
create_tensor: loading tensor blk.2.attn_kv_a_mqa.weight
create_tensor: loading tensor blk.2.attn_k_b.weight
create_tensor: loading tensor blk.2.attn_v_b.weight
create_tensor: loading tensor blk.2.attn_output.weight
create_tensor: loading tensor blk.2.ffn_norm.weight
create_tensor: loading tensor blk.2.indexer.k_norm.weight
create_tensor: loading tensor blk.2.indexer.k_norm.bias
create_tensor: loading tensor blk.2.indexer.proj.weight
create_tensor: loading tensor blk.2.indexer.attn_k.weight
create_tensor: loading tensor blk.2.indexer.attn_q_b.weight
create_tensor: loading tensor blk.2.ffn_gate.weight
create_tensor: loading tensor blk.2.ffn_down.weight
create_tensor: loading tensor blk.2.ffn_up.weight
create_tensor: loading tensor blk.3.attn_norm.weight
create_tensor: loading tensor blk.3.attn_q_a_norm.weight
create_tensor: loading tensor blk.3.attn_kv_a_norm.weight
create_tensor: loading tensor blk.3.attn_q_a.weight
create_tensor: loading tensor blk.3.attn_q_b.weight
create_tensor: loading tensor blk.3.attn_kv_a_mqa.weight
create_tensor: loading tensor blk.3.attn_k_b.weight
create_tensor: loading tensor blk.3.attn_v_b.weight
create_tensor: loading tensor blk.3.attn_output.weight
create_tensor: loading tensor blk.3.ffn_norm.weight
create_tensor: loading tensor blk.3.indexer.k_norm.weight
create_tensor: loading tensor blk.3.indexer.k_norm.bias
create_tensor: loading tensor blk.3.indexer.proj.weight
create_tensor: loading tensor blk.3.indexer.attn_k.weight
create_tensor: loading tensor blk.3.indexer.attn_q_b.weight
create_tensor: loading tensor blk.3.ffn_gate_inp.weight
create_tensor: loading tensor blk.3.exp_probs_b.bias
create_tensor: loading tensor blk.3.ffn_gate_exps.weight
create_tensor: loading tensor blk.3.ffn_down_exps.weight
create_tensor: loading tensor blk.3.ffn_up_exps.weight
create_tensor: loading tensor blk.3.ffn_gate_shexp.weight
create_tensor: loading tensor blk.3.ffn_down_shexp.weight
create_tensor: loading tensor blk.3.ffn_up_shexp.weight
create_tensor: loading tensor blk.4.attn_norm.weight
create_tensor: loading tensor blk.4.attn_q_a_norm.weight
create_tensor: loading tensor blk.4.attn_kv_a_norm.weight
create_tensor: loading tensor blk.4.attn_q_a.weight
create_tensor: loading tensor blk.4.attn_q_b.weight
create_tensor: loading tensor blk.4.attn_kv_a_mqa.weight
create_tensor: loading tensor blk.4.attn_k_b.weight
create_tensor: loading tensor blk.4.attn_v_b.weight
create_tensor: loading tensor blk.4.attn_output.weight
create_tensor: loading tensor blk.4.ffn_norm.weight
create_tensor: loading tensor blk.4.indexer.k_norm.weight
create_tensor: loading tensor blk.4.indexer.k_norm.bias
create_tensor: loading tensor blk.4.indexer.proj.weight
create_tensor: loading tensor blk.4.indexer.attn_k.weight
create_tensor: loading tensor blk.4.indexer.attn_q_b.weight
create_tensor: loading tensor blk.4.ffn_gate_inp.weight
create_tensor: loading tensor blk.4.exp_probs_b.bias
create_tensor: loading tensor blk.4.ffn_gate_exps.weight
create_tensor: loading tensor blk.4.ffn_down_exps.weight
create_tensor: loading tensor blk.4.ffn_up_exps.weight
create_tensor: loading tensor blk.4.ffn_gate_shexp.weight
create_tensor: loading tensor blk.4.ffn_down_shexp.weight
create_tensor: loading tensor blk.4.ffn_up_shexp.weight
create_tensor: loading tensor blk.5.attn_norm.weight
create_tensor: loading tensor blk.5.attn_q_a_norm.weight
create_tensor: loading tensor blk.5.attn_kv_a_norm.weight
create_tensor: loading tensor blk.5.attn_q_a.weight
create_tensor: loading tensor blk.5.attn_q_b.weight
create_tensor: loading tensor blk.5.attn_kv_a_mqa.weight
create_tensor: loading tensor blk.5.attn_k_b.weight
create_tensor: loading tensor blk.5.attn_v_b.weight
create_tensor: loading tensor blk.5.attn_output.weight
create_tensor: loading tensor blk.5.ffn_norm.weight
create_tensor: loading tensor blk.5.indexer.k_norm.weight
create_tensor: loading tensor blk.5.indexer.k_norm.bias
create_tensor: loading tensor blk.5.indexer.proj.weight
create_tensor: loading tensor blk.5.indexer.attn_k.weight
create_tensor: loading tensor blk.5.indexer.attn_q_b.weight
create_tensor: loading tensor blk.5.ffn_gate_inp.weight
create_tensor: loading tensor blk.5.exp_probs_b.bias
create_tensor: loading tensor blk.5.ffn_gate_exps.weight
create_tensor: loading tensor blk.5.ffn_down_exps.weight
create_tensor: loading tensor blk.5.ffn_up_exps.weight
create_tensor: loading tensor blk.5.ffn_gate_shexp.weight
create_tensor: loading tensor blk.5.ffn_down_shexp.weight
create_tensor: loading tensor blk.5.ffn_up_shexp.weight
create_tensor: loading tensor blk.6.attn_norm.weight
create_tensor: loading tensor blk.6.attn_q_a_norm.weight
create_tensor: loading tensor blk.6.attn_kv_a_norm.weight
create_tensor: loading tensor blk.6.attn_q_a.weight
create_tensor: loading tensor blk.6.attn_q_b.weight
create_tensor: loading tensor blk.6.attn_kv_a_mqa.weight
create_tensor: loading tensor blk.6.attn_k_b.weight
create_tensor: loading tensor blk.6.attn_v_b.weight
create_tensor: loading tensor blk.6.attn_output.weight
create_tensor: loading tensor blk.6.ffn_norm.weight
create_tensor: loading tensor blk.6.indexer.k_norm.weight
create_tensor: loading tensor blk.6.indexer.k_norm.bias
create_tensor: loading tensor blk.6.indexer.proj.weight
create_tensor: loading tensor blk.6.indexer.attn_k.weight
create_tensor: loading tensor blk.6.indexer.attn_q_b.weight
create_tensor: loading tensor blk.6.ffn_gate_inp.weight
create_tensor: loading tensor blk.6.exp_probs_b.bias
create_tensor: loading tensor blk.6.ffn_gate_exps.weight
create_tensor: loading tensor blk.6.ffn_down_exps.weight
create_tensor: loading tensor blk.6.ffn_up_exps.weight
create_tensor: loading tensor blk.6.ffn_gate_shexp.weight
create_tensor: loading tensor blk.6.ffn_down_shexp.weight
create_tensor: loading tensor blk.6.ffn_up_shexp.weight
create_tensor: loading tensor blk.7.attn_norm.weight
create_tensor: loading tensor blk.7.attn_q_a_norm.weight
create_tensor: loading tensor blk.7.attn_kv_a_norm.weight
create_tensor: loading tensor blk.7.attn_q_a.weight
create_tensor: loading tensor blk.7.attn_q_b.weight
create_tensor: loading tensor blk.7.attn_kv_a_mqa.weight
create_tensor: loading tensor blk.7.attn_k_b.weight
create_tensor: loading tensor blk.7.attn_v_b.weight
create_tensor: loading tensor blk.7.attn_output.weight
create_tensor: loading tensor blk.7.ffn_norm.weight
create_tensor: loading tensor blk.7.indexer.k_norm.weight
create_tensor: loading tensor blk.7.indexer.k_norm.bias
create_tensor: loading tensor blk.7.indexer.proj.weight
create_tensor: loading tensor blk.7.indexer.attn_k.weight
create_tensor: loading tensor blk.7.indexer.attn_q_b.weight
create_tensor: loading tensor blk.7.ffn_gate_inp.weight
create_tensor: loading tensor blk.7.exp_probs_b.bias
create_tensor: loading tensor blk.7.ffn_gate_exps.weight
create_tensor: loading tensor blk.7.ffn_down_exps.weight
create_tensor: loading tensor blk.7.ffn_up_exps.weight
create_tensor: loading tensor blk.7.ffn_gate_shexp.weight
create_tensor: loading tensor blk.7.ffn_down_shexp.weight
create_tensor: loading tensor blk.7.ffn_up_shexp.weight
create_tensor: loading tensor blk.8.attn_norm.weight
create_tensor: loading tensor blk.8.attn_q_a_norm.weight
create_tensor: loading tensor blk.8.attn_kv_a_norm.weight
create_tensor: loading tensor blk.8.attn_q_a.weight
create_tensor: loading tensor blk.8.attn_q_b.weight
create_tensor: loading tensor blk.8.attn_kv_a_mqa.weight
create_tensor: loading tensor blk.8.attn_k_b.weight
create_tensor: loading tensor blk.8.attn_v_b.weight
create_tensor: loading tensor blk.8.attn_output.weight
create_tensor: loading tensor blk.8.ffn_norm.weight
create_tensor: loading tensor blk.8.indexer.k_norm.weight
create_tensor: loading tensor blk.8.indexer.k_norm.bias
create_tensor: loading tensor blk.8.indexer.proj.weight
create_tensor: loading tensor blk.8.indexer.attn_k.weight
create_tensor: loading tensor blk.8.indexer.attn_q_b.weight
create_tensor: loading tensor blk.8.ffn_gate_inp.weight
create_tensor: loading tensor blk.8.exp_probs_b.bias
create_tensor: loading tensor blk.8.ffn_gate_exps.weight
create_tensor: loading tensor blk.8.ffn_down_exps.weight
create_tensor: loading tensor blk.8.ffn_up_exps.weight
create_tensor: loading tensor blk.8.ffn_gate_shexp.weight
create_tensor: loading tensor blk.8.ffn_down_shexp.weight
create_tensor: loading tensor blk.8.ffn_up_shexp.weight
create_tensor: loading tensor blk.9.attn_norm.weight
create_tensor: loading tensor blk.9.attn_q_a_norm.weight
create_tensor: loading tensor blk.9.attn_kv_a_norm.weight
create_tensor: loading tensor blk.9.attn_q_a.weight
create_tensor: loading tensor blk.9.attn_q_b.weight
create_tensor: loading tensor blk.9.attn_kv_a_mqa.weight
create_tensor: loading tensor blk.9.attn_k_b.weight
create_tensor: loading tensor blk.9.attn_v_b.weight
create_tensor: loading tensor blk.9.attn_output.weight
create_tensor: loading tensor blk.9.ffn_norm.weight
create_tensor: loading tensor blk.9.indexer.k_norm.weight
create_tensor: loading tensor blk.9.indexer.k_norm.bias
create_tensor: loading tensor blk.9.indexer.proj.weight
create_tensor: loading tensor blk.9.indexer.attn_k.weight
create_tensor: loading tensor blk.9.indexer.attn_q_b.weight
create_tensor: loading tensor blk.9.ffn_gate_inp.weight
create_tensor: loading tensor blk.9.exp_probs_b.bias
create_tensor: loading tensor blk.9.ffn_gate_exps.weight
create_tensor: loading tensor blk.9.ffn_down_exps.weight
create_tensor: loading tensor blk.9.ffn_up_exps.weight
create_tensor: loading tensor blk.9.ffn_gate_shexp.weight
create_tensor: loading tensor blk.9.ffn_down_shexp.weight
create_tensor: loading tensor blk.9.ffn_up_shexp.weight
create_tensor: loading tensor blk.10.attn_norm.weight
create_tensor: loading tensor blk.10.attn_q_a_norm.weight
create_tensor: loading tensor blk.10.attn_kv_a_norm.weight
create_tensor: loading tensor blk.10.attn_q_a.weight
create_tensor: loading tensor blk.10.attn_q_b.weight
create_tensor: loading tensor blk.10.attn_kv_a_mqa.weight
create_tensor: loading tensor blk.10.attn_k_b.weight
create_tensor: loading tensor blk.10.attn_v_b.weight
create_tensor: loading tensor blk.10.attn_output.weight
create_tensor: loading tensor blk.10.ffn_norm.weight
create_tensor: loading tensor blk.10.indexer.k_norm.weight
create_tensor: loading tensor blk.10.indexer.k_norm.bias
create_tensor: loading tensor blk.10.indexer.proj.weight
create_tensor: loading tensor blk.10.indexer.attn_k.weight
create_tensor: loading tensor blk.10.indexer.attn_q_b.weight
create_tensor: loading tensor blk.10.ffn_gate_inp.weight
create_tensor: loading tensor blk.10.exp_probs_b.bias
create_tensor: loading tensor blk.10.ffn_gate_exps.weight
create_tensor: loading tensor blk.10.ffn_down_exps.weight
create_tensor: loading tensor blk.10.ffn_up_exps.weight
create_tensor: loading tensor blk.10.ffn_gate_shexp.weight
create_tensor: loading tensor blk.10.ffn_down_shexp.weight
create_tensor: loading tensor blk.10.ffn_up_shexp.weight
create_tensor: loading tensor blk.11.attn_norm.weight
create_tensor: loading tensor blk.11.attn_q_a_norm.weight
create_tensor: loading tensor blk.11.attn_kv_a_norm.weight
create_tensor: loading tensor blk.11.attn_q_a.weight
create_tensor: loading tensor blk.11.attn_q_b.weight
create_tensor: loading tensor blk.11.attn_kv_a_mqa.weight
create_tensor: loading tensor blk.11.attn_k_b.weight
create_tensor: loading tensor blk.11.attn_v_b.weight
create_tensor: loading tensor blk.11.attn_output.weight
create_tensor: loading tensor blk.11.ffn_norm.weight
create_tensor: loading tensor blk.11.indexer.k_norm.weight
create_tensor: loading tensor blk.11.indexer.k_norm.bias
create_tensor: loading tensor blk.11.indexer.proj.weight
create_tensor: loading tensor blk.11.indexer.attn_k.weight
create_tensor: loading tensor blk.11.indexer.attn_q_b.weight
create_tensor: loading tensor blk.11.ffn_gate_inp.weight
create_tensor: loading tensor blk.11.exp_probs_b.bias
create_tensor: loading tensor blk.11.ffn_gate_exps.weight
create_tensor: loading tensor blk.11.ffn_down_exps.weight
create_tensor: loading tensor blk.11.ffn_up_exps.weight
create_tensor: loading tensor blk.11.ffn_gate_shexp.weight
create_tensor: loading tensor blk.11.ffn_down_shexp.weight
create_tensor: loading tensor blk.11.ffn_up_shexp.weight
create_tensor: loading tensor blk.12.attn_norm.weight
create_tensor: loading tensor blk.12.attn_q_a_norm.weight
create_tensor: loading tensor blk.12.attn_kv_a_norm.weight
create_tensor: loading tensor blk.12.attn_q_a.weight
create_tensor: loading tensor blk.12.attn_q_b.weight
create_tensor: loading tensor blk.12.attn_kv_a_mqa.weight
create_tensor: loading tensor blk.12.attn_k_b.weight
create_tensor: loading tensor blk.12.attn_v_b.weight
create_tensor: loading tensor blk.12.attn_output.weight
create_tensor: loading tensor blk.12.ffn_norm.weight
create_tensor: loading tensor blk.12.indexer.k_norm.weight
create_tensor: loading tensor blk.12.indexer.k_norm.bias
create_tensor: loading tensor blk.12.indexer.proj.weight
create_tensor: loading tensor blk.12.indexer.attn_k.weight
create_tensor: loading tensor blk.12.indexer.attn_q_b.weight
create_tensor: loading tensor blk.12.ffn_gate_inp.weight
create_tensor: loading tensor blk.12.exp_probs_b.bias
create_tensor: loading tensor blk.12.ffn_gate_exps.weight
create_tensor: loading tensor blk.12.ffn_down_exps.weight
create_tensor: loading tensor blk.12.ffn_up_exps.weight
create_tensor: loading tensor blk.12.ffn_gate_shexp.weight
create_tensor: loading tensor blk.12.ffn_down_shexp.weight
create_tensor: loading tensor blk.12.ffn_up_shexp.weight
create_tensor: loading tensor blk.13.attn_norm.weight
create_tensor: loading tensor blk.13.attn_q_a_norm.weight
create_tensor: loading tensor blk.13.attn_kv_a_norm.weight
create_tensor: loading tensor blk.13.attn_q_a.weight
create_tensor: loading tensor blk.13.attn_q_b.weight
create_tensor: loading tensor blk.13.attn_kv_a_mqa.weight
create_tensor: loading tensor blk.13.attn_k_b.weight
create_tensor: loading tensor blk.13.attn_v_b.weight
create_tensor: loading tensor blk.13.attn_output.weight
create_tensor: loading tensor blk.13.ffn_norm.weight
create_tensor: loading tensor blk.13.indexer.k_norm.weight
create_tensor: loading tensor blk.13.indexer.k_norm.bias
create_tensor: loading tensor blk.13.indexer.proj.weight
create_tensor: loading tensor blk.13.indexer.attn_k.weight
create_tensor: loading tensor blk.13.indexer.attn_q_b.weight
create_tensor: loading tensor blk.13.ffn_gate_inp.weight
create_tensor: loading tensor blk.13.exp_probs_b.bias
create_tensor: loading tensor blk.13.ffn_gate_exps.weight
create_tensor: loading tensor blk.13.ffn_down_exps.weight
create_tensor: loading tensor blk.13.ffn_up_exps.weight
create_tensor: loading tensor blk.13.ffn_gate_shexp.weight
create_tensor: loading tensor blk.13.ffn_down_shexp.weight
create_tensor: loading tensor blk.13.ffn_up_shexp.weight
create_tensor: loading tensor blk.14.attn_norm.weight
create_tensor: loading tensor blk.14.attn_q_a_norm.weight
create_tensor: loading tensor blk.14.attn_kv_a_norm.weight
create_tensor: loading tensor blk.14.attn_q_a.weight
create_tensor: loading tensor blk.14.attn_q_b.weight
create_tensor: loading tensor blk.14.attn_kv_a_mqa.weight
create_tensor: loading tensor blk.14.attn_k_b.weight
create_tensor: loading tensor blk.14.attn_v_b.weight
create_tensor: loading tensor blk.14.attn_output.weight
create_tensor: loading tensor blk.14.ffn_norm.weight
create_tensor: loading tensor blk.14.indexer.k_norm.weight
create_tensor: loading tensor blk.14.indexer.k_norm.bias
create_tensor: loading tensor blk.14.indexer.proj.weight
create_tensor: loading tensor blk.14.indexer.attn_k.weight
create_tensor: loading tensor blk.14.indexer.attn_q_b.weight
create_tensor: loading tensor blk.14.ffn_gate_inp.weight
create_tensor: loading tensor blk.14.exp_probs_b.bias
create_tensor: loading tensor blk.14.ffn_gate_exps.weight
create_tensor: loading tensor blk.14.ffn_down_exps.weight
create_tensor: loading tensor blk.14.ffn_up_exps.weight
create_tensor: loading tensor blk.14.ffn_gate_shexp.weight
create_tensor: loading tensor blk.14.ffn_down_shexp.weight
create_tensor: loading tensor blk.14.ffn_up_shexp.weight
create_tensor: loading tensor blk.15.attn_norm.weight
create_tensor: loading tensor blk.15.attn_q_a_norm.weight
create_tensor: loading tensor blk.15.attn_kv_a_norm.weight
create_tensor: loading tensor blk.15.attn_q_a.weight
create_tensor: loading tensor blk.15.attn_q_b.weight
create_tensor: loading tensor blk.15.attn_kv_a_mqa.weight
create_tensor: loading tensor blk.15.attn_k_b.weight
create_tensor: loading tensor blk.15.attn_v_b.weight
create_tensor: loading tensor blk.15.attn_output.weight
create_tensor: loading tensor blk.15.ffn_norm.weight
create_tensor: loading tensor blk.15.indexer.k_norm.weight
create_tensor: loading tensor blk.15.indexer.k_norm.bias
create_tensor: loading tensor blk.15.indexer.proj.weight
create_tensor: loading tensor blk.15.indexer.attn_k.weight
create_tensor: loading tensor blk.15.indexer.attn_q_b.weight
create_tensor: loading tensor blk.15.ffn_gate_inp.weight
create_tensor: loading tensor blk.15.exp_probs_b.bias
create_tensor: loading tensor blk.15.ffn_gate_exps.weight
create_tensor: loading tensor blk.15.ffn_down_exps.weight
create_tensor: loading tensor blk.15.ffn_up_exps.weight
create_tensor: loading tensor blk.15.ffn_gate_shexp.weight
create_tensor: loading tensor blk.15.ffn_down_shexp.weight
create_tensor: loading tensor blk.15.ffn_up_shexp.weight
create_tensor: loading tensor blk.16.attn_norm.weight
create_tensor: loading tensor blk.16.attn_q_a_norm.weight
create_tensor: loading tensor blk.16.attn_kv_a_norm.weight
create_tensor: loading tensor blk.16.attn_q_a.weight
create_tensor: loading tensor blk.16.attn_q_b.weight
create_tensor: loading tensor blk.16.attn_kv_a_mqa.weight
create_tensor: loading tensor blk.16.attn_k_b.weight
create_tensor: loading tensor blk.16.attn_v_b.weight
create_tensor: loading tensor blk.16.attn_output.weight
create_tensor: loading tensor blk.16.ffn_norm.weight
create_tensor: loading tensor blk.16.indexer.k_norm.weight
create_tensor: loading tensor blk.16.indexer.k_norm.bias
create_tensor: loading tensor blk.16.indexer.proj.weight
create_tensor: loading tensor blk.16.indexer.attn_k.weight
create_tensor: loading tensor blk.16.indexer.attn_q_b.weight
create_tensor: loading tensor blk.16.ffn_gate_inp.weight
create_tensor: loading tensor blk.16.exp_probs_b.bias
create_tensor: loading tensor blk.16.ffn_gate_exps.weight
create_tensor: loading tensor blk.16.ffn_down_exps.weight
create_tensor: loading tensor blk.16.ffn_up_exps.weight
create_tensor: loading tensor blk.16.ffn_gate_shexp.weight
create_tensor: loading tensor blk.16.ffn_down_shexp.weight
create_tensor: loading tensor blk.16.ffn_up_shexp.weight
create_tensor: loading tensor blk.17.attn_norm.weight
create_tensor: loading tensor blk.17.attn_q_a_norm.weight
create_tensor: loading tensor blk.17.attn_kv_a_norm.weight
create_tensor: loading tensor blk.17.attn_q_a.weight
create_tensor: loading tensor blk.17.attn_q_b.weight
create_tensor: loading tensor blk.17.attn_kv_a_mqa.weight
create_tensor: loading tensor blk.17.attn_k_b.weight
create_tensor: loading tensor blk.17.attn_v_b.weight
create_tensor: loading tensor blk.17.attn_output.weight
create_tensor: loading tensor blk.17.ffn_norm.weight
create_tensor: loading tensor blk.17.indexer.k_norm.weight
create_tensor: loading tensor blk.17.indexer.k_norm.bias
create_tensor: loading tensor blk.17.indexer.proj.weight
create_tensor: loading tensor blk.17.indexer.attn_k.weight
create_tensor: loading tensor blk.17.indexer.attn_q_b.weight
create_tensor: loading tensor blk.17.ffn_gate_inp.weight
create_tensor: loading tensor blk.17.exp_probs_b.bias
create_tensor: loading tensor blk.17.ffn_gate_exps.weight
create_tensor: loading tensor blk.17.ffn_down_exps.weight
create_tensor: loading tensor blk.17.ffn_up_exps.weight
create_tensor: loading tensor blk.17.ffn_gate_shexp.weight
create_tensor: loading tensor blk.17.ffn_down_shexp.weight
create_tensor: loading tensor blk.17.ffn_up_shexp.weight
create_tensor: loading tensor blk.18.attn_norm.weight
create_tensor: loading tensor blk.18.attn_q_a_norm.weight
create_tensor: loading tensor blk.18.attn_kv_a_norm.weight
create_tensor: loading tensor blk.18.attn_q_a.weight
create_tensor: loading tensor blk.18.attn_q_b.weight
create_tensor: loading tensor blk.18.attn_kv_a_mqa.weight
create_tensor: loading tensor blk.18.attn_k_b.weight
create_tensor: loading tensor blk.18.attn_v_b.weight
create_tensor: loading tensor blk.18.attn_output.weight
create_tensor: loading tensor blk.18.ffn_norm.weight
create_tensor: loading tensor blk.18.indexer.k_norm.weight
create_tensor: loading tensor blk.18.indexer.k_norm.bias
create_tensor: loading tensor blk.18.indexer.proj.weight
create_tensor: loading tensor blk.18.indexer.attn_k.weight
create_tensor: loading tensor blk.18.indexer.attn_q_b.weight
create_tensor: loading tensor blk.18.ffn_gate_inp.weight
create_tensor: loading tensor blk.18.exp_probs_b.bias
create_tensor: loading tensor blk.18.ffn_gate_exps.weight
create_tensor: loading tensor blk.18.ffn_down_exps.weight
create_tensor: loading tensor blk.18.ffn_up_exps.weight
create_tensor: loading tensor blk.18.ffn_gate_shexp.weight
create_tensor: loading tensor blk.18.ffn_down_shexp.weight
create_tensor: loading tensor blk.18.ffn_up_shexp.weight
create_tensor: loading tensor blk.19.attn_norm.weight
create_tensor: loading tensor blk.19.attn_q_a_norm.weight
create_tensor: loading tensor blk.19.attn_kv_a_norm.weight
create_tensor: loading tensor blk.19.attn_q_a.weight
create_tensor: loading tensor blk.19.attn_q_b.weight
create_tensor: loading tensor blk.19.attn_kv_a_mqa.weight
create_tensor: loading tensor blk.19.attn_k_b.weight
create_tensor: loading tensor blk.19.attn_v_b.weight
create_tensor: loading tensor blk.19.attn_output.weight
create_tensor: loading tensor blk.19.ffn_norm.weight
create_tensor: loading tensor blk.19.indexer.k_norm.weight
create_tensor: loading tensor blk.19.indexer.k_norm.bias
create_tensor: loading tensor blk.19.indexer.proj.weight
create_tensor: loading tensor blk.19.indexer.attn_k.weight
create_tensor: loading tensor blk.19.indexer.attn_q_b.weight
create_tensor: loading tensor blk.19.ffn_gate_inp.weight
create_tensor: loading tensor blk.19.exp_probs_b.bias
create_tensor: loading tensor blk.19.ffn_gate_exps.weight
create_tensor: loading tensor blk.19.ffn_down_exps.weight
create_tensor: loading tensor blk.19.ffn_up_exps.weight
create_tensor: loading tensor blk.19.ffn_gate_shexp.weight
create_tensor: loading tensor blk.19.ffn_down_shexp.weight
create_tensor: loading tensor blk.19.ffn_up_shexp.weight
create_tensor: loading tensor blk.20.attn_norm.weight
create_tensor: loading tensor blk.20.attn_q_a_norm.weight
create_tensor: loading tensor blk.20.attn_kv_a_norm.weight
create_tensor: loading tensor blk.20.attn_q_a.weight
create_tensor: loading tensor blk.20.attn_q_b.weight
create_tensor: loading tensor blk.20.attn_kv_a_mqa.weight
create_tensor: loading tensor blk.20.attn_k_b.weight
create_tensor: loading tensor blk.20.attn_v_b.weight
create_tensor: loading tensor blk.20.attn_output.weight
create_tensor: loading tensor blk.20.ffn_norm.weight
create_tensor: loading tensor blk.20.indexer.k_norm.weight
create_tensor: loading tensor blk.20.indexer.k_norm.bias
create_tensor: loading tensor blk.20.indexer.proj.weight
create_tensor: loading tensor blk.20.indexer.attn_k.weight
create_tensor: loading tensor blk.20.indexer.attn_q_b.weight
create_tensor: loading tensor blk.20.ffn_gate_inp.weight
create_tensor: loading tensor blk.20.exp_probs_b.bias
create_tensor: loading tensor blk.20.ffn_gate_exps.weight
create_tensor: loading tensor blk.20.ffn_down_exps.weight
create_tensor: loading tensor blk.20.ffn_up_exps.weight
create_tensor: loading tensor blk.20.ffn_gate_shexp.weight
create_tensor: loading tensor blk.20.ffn_down_shexp.weight
create_tensor: loading tensor blk.20.ffn_up_shexp.weight
create_tensor: loading tensor blk.21.attn_norm.weight
create_tensor: loading tensor blk.21.attn_q_a_norm.weight
create_tensor: loading tensor blk.21.attn_kv_a_norm.weight
create_tensor: loading tensor blk.21.attn_q_a.weight
create_tensor: loading tensor blk.21.attn_q_b.weight
create_tensor: loading tensor blk.21.attn_kv_a_mqa.weight
create_tensor: loading tensor blk.21.attn_k_b.weight
create_tensor: loading tensor blk.21.attn_v_b.weight
create_tensor: loading tensor blk.21.attn_output.weight
create_tensor: loading tensor blk.21.ffn_norm.weight
create_tensor: loading tensor blk.21.indexer.k_norm.weight
create_tensor: loading tensor blk.21.indexer.k_norm.bias
create_tensor: loading tensor blk.21.indexer.proj.weight
create_tensor: loading tensor blk.21.indexer.attn_k.weight
create_tensor: loading tensor blk.21.indexer.attn_q_b.weight
create_tensor: loading tensor blk.21.ffn_gate_inp.weight
create_tensor: loading tensor blk.21.exp_probs_b.bias
create_tensor: loading tensor blk.21.ffn_gate_exps.weight
create_tensor: loading tensor blk.21.ffn_down_exps.weight
create_tensor: loading tensor blk.21.ffn_up_exps.weight
create_tensor: loading tensor blk.21.ffn_gate_shexp.weight
create_tensor: loading tensor blk.21.ffn_down_shexp.weight
create_tensor: loading tensor blk.21.ffn_up_shexp.weight
create_tensor: loading tensor blk.22.attn_norm.weight
create_tensor: loading tensor blk.22.attn_q_a_norm.weight
create_tensor: loading tensor blk.22.attn_kv_a_norm.weight
create_tensor: loading tensor blk.22.attn_q_a.weight
create_tensor: loading tensor blk.22.attn_q_b.weight
create_tensor: loading tensor blk.22.attn_kv_a_mqa.weight
create_tensor: loading tensor blk.22.attn_k_b.weight
create_tensor: loading tensor blk.22.attn_v_b.weight
create_tensor: loading tensor blk.22.attn_output.weight
create_tensor: loading tensor blk.22.ffn_norm.weight
create_tensor: loading tensor blk.22.indexer.k_norm.weight
create_tensor: loading tensor blk.22.indexer.k_norm.bias
create_tensor: loading tensor blk.22.indexer.proj.weight
create_tensor: loading tensor blk.22.indexer.attn_k.weight
create_tensor: loading tensor blk.22.indexer.attn_q_b.weight
create_tensor: loading tensor blk.22.ffn_gate_inp.weight
create_tensor: loading tensor blk.22.exp_probs_b.bias
create_tensor: loading tensor blk.22.ffn_gate_exps.weight
create_tensor: loading tensor blk.22.ffn_down_exps.weight
create_tensor: loading tensor blk.22.ffn_up_exps.weight
create_tensor: loading tensor blk.22.ffn_gate_shexp.weight
create_tensor: loading tensor blk.22.ffn_down_shexp.weight
create_tensor: loading tensor blk.22.ffn_up_shexp.weight
create_tensor: loading tensor blk.23.attn_norm.weight
create_tensor: loading tensor blk.23.attn_q_a_norm.weight
create_tensor: loading tensor blk.23.attn_kv_a_norm.weight
create_tensor: loading tensor blk.23.attn_q_a.weight
create_tensor: loading tensor blk.23.attn_q_b.weight
create_tensor: loading tensor blk.23.attn_kv_a_mqa.weight
create_tensor: loading tensor blk.23.attn_k_b.weight
create_tensor: loading tensor blk.23.attn_v_b.weight
create_tensor: loading tensor blk.23.attn_output.weight
create_tensor: loading tensor blk.23.ffn_norm.weight
create_tensor: loading tensor blk.23.indexer.k_norm.weight
create_tensor: loading tensor blk.23.indexer.k_norm.bias
create_tensor: loading tensor blk.23.indexer.proj.weight
create_tensor: loading tensor blk.23.indexer.attn_k.weight
create_tensor: loading tensor blk.23.indexer.attn_q_b.weight
create_tensor: loading tensor blk.23.ffn_gate_inp.weight
create_tensor: loading tensor blk.23.exp_probs_b.bias
create_tensor: loading tensor blk.23.ffn_gate_exps.weight
create_tensor: loading tensor blk.23.ffn_down_exps.weight
create_tensor: loading tensor blk.23.ffn_up_exps.weight
create_tensor: loading tensor blk.23.ffn_gate_shexp.weight
create_tensor: loading tensor blk.23.ffn_down_shexp.weight
create_tensor: loading tensor blk.23.ffn_up_shexp.weight
create_tensor: loading tensor blk.24.attn_norm.weight
create_tensor: loading tensor blk.24.attn_q_a_norm.weight
create_tensor: loading tensor blk.24.attn_kv_a_norm.weight
create_tensor: loading tensor blk.24.attn_q_a.weight
create_tensor: loading tensor blk.24.attn_q_b.weight
create_tensor: loading tensor blk.24.attn_kv_a_mqa.weight
create_tensor: loading tensor blk.24.attn_k_b.weight
create_tensor: loading tensor blk.24.attn_v_b.weight
create_tensor: loading tensor blk.24.attn_output.weight
create_tensor: loading tensor blk.24.ffn_norm.weight
create_tensor: loading tensor blk.24.indexer.k_norm.weight
create_tensor: loading tensor blk.24.indexer.k_norm.bias
create_tensor: loading tensor blk.24.indexer.proj.weight
create_tensor: loading tensor blk.24.indexer.attn_k.weight
create_tensor: loading tensor blk.24.indexer.attn_q_b.weight
create_tensor: loading tensor blk.24.ffn_gate_inp.weight
create_tensor: loading tensor blk.24.exp_probs_b.bias
create_tensor: loading tensor blk.24.ffn_gate_exps.weight
create_tensor: loading tensor blk.24.ffn_down_exps.weight
create_tensor: loading tensor blk.24.ffn_up_exps.weight
create_tensor: loading tensor blk.24.ffn_gate_shexp.weight
create_tensor: loading tensor blk.24.ffn_down_shexp.weight
create_tensor: loading tensor blk.24.ffn_up_shexp.weight
create_tensor: loading tensor blk.25.attn_norm.weight
create_tensor: loading tensor blk.25.attn_q_a_norm.weight
create_tensor: loading tensor blk.25.attn_kv_a_norm.weight
create_tensor: loading tensor blk.25.attn_q_a.weight
create_tensor: loading tensor blk.25.attn_q_b.weight
create_tensor: loading tensor blk.25.attn_kv_a_mqa.weight
create_tensor: loading tensor blk.25.attn_k_b.weight
create_tensor: loading tensor blk.25.attn_v_b.weight
create_tensor: loading tensor blk.25.attn_output.weight
create_tensor: loading tensor blk.25.ffn_norm.weight
create_tensor: loading tensor blk.25.indexer.k_norm.weight
create_tensor: loading tensor blk.25.indexer.k_norm.bias
create_tensor: loading tensor blk.25.indexer.proj.weight
create_tensor: loading tensor blk.25.indexer.attn_k.weight
create_tensor: loading tensor blk.25.indexer.attn_q_b.weight
create_tensor: loading tensor blk.25.ffn_gate_inp.weight
create_tensor: loading tensor blk.25.exp_probs_b.bias
create_tensor: loading tensor blk.25.ffn_gate_exps.weight
create_tensor: loading tensor blk.25.ffn_down_exps.weight
create_tensor: loading tensor blk.25.ffn_up_exps.weight
create_tensor: loading tensor blk.25.ffn_gate_shexp.weight
create_tensor: loading tensor blk.25.ffn_down_shexp.weight
create_tensor: loading tensor blk.25.ffn_up_shexp.weight
create_tensor: loading tensor blk.26.attn_norm.weight
create_tensor: loading tensor blk.26.attn_q_a_norm.weight
create_tensor: loading tensor blk.26.attn_kv_a_norm.weight
create_tensor: loading tensor blk.26.attn_q_a.weight
create_tensor: loading tensor blk.26.attn_q_b.weight
create_tensor: loading tensor blk.26.attn_kv_a_mqa.weight
create_tensor: loading tensor blk.26.attn_k_b.weight
create_tensor: loading tensor blk.26.attn_v_b.weight
create_tensor: loading tensor blk.26.attn_output.weight
create_tensor: loading tensor blk.26.ffn_norm.weight
create_tensor: loading tensor blk.26.indexer.k_norm.weight
create_tensor: loading tensor blk.26.indexer.k_norm.bias
create_tensor: loading tensor blk.26.indexer.proj.weight
create_tensor: loading tensor blk.26.indexer.attn_k.weight
create_tensor: loading tensor blk.26.indexer.attn_q_b.weight
create_tensor: loading tensor blk.26.ffn_gate_inp.weight
create_tensor: loading tensor blk.26.exp_probs_b.bias
create_tensor: loading tensor blk.26.ffn_gate_exps.weight
create_tensor: loading tensor blk.26.ffn_down_exps.weight
create_tensor: loading tensor blk.26.ffn_up_exps.weight
create_tensor: loading tensor blk.26.ffn_gate_shexp.weight
create_tensor: loading tensor blk.26.ffn_down_shexp.weight
create_tensor: loading tensor blk.26.ffn_up_shexp.weight
create_tensor: loading tensor blk.27.attn_norm.weight
create_tensor: loading tensor blk.27.attn_q_a_norm.weight
create_tensor: loading tensor blk.27.attn_kv_a_norm.weight
create_tensor: loading tensor blk.27.attn_q_a.weight
create_tensor: loading tensor blk.27.attn_q_b.weight
create_tensor: loading tensor blk.27.attn_kv_a_mqa.weight
create_tensor: loading tensor blk.27.attn_k_b.weight
create_tensor: loading tensor blk.27.attn_v_b.weight
create_tensor: loading tensor blk.27.attn_output.weight
create_tensor: loading tensor blk.27.ffn_norm.weight
create_tensor: loading tensor blk.27.indexer.k_norm.weight
create_tensor: loading tensor blk.27.indexer.k_norm.bias
create_tensor: loading tensor blk.27.indexer.proj.weight
create_tensor: loading tensor blk.27.indexer.attn_k.weight
create_tensor: loading tensor blk.27.indexer.attn_q_b.weight
create_tensor: loading tensor blk.27.ffn_gate_inp.weight
create_tensor: loading tensor blk.27.exp_probs_b.bias
create_tensor: loading tensor blk.27.ffn_gate_exps.weight
create_tensor: loading tensor blk.27.ffn_down_exps.weight
create_tensor: loading tensor blk.27.ffn_up_exps.weight
create_tensor: loading tensor blk.27.ffn_gate_shexp.weight
create_tensor: loading tensor blk.27.ffn_down_shexp.weight
create_tensor: loading tensor blk.27.ffn_up_shexp.weight
create_tensor: loading tensor blk.28.attn_norm.weight
create_tensor: loading tensor blk.28.attn_q_a_norm.weight
create_tensor: loading tensor blk.28.attn_kv_a_norm.weight
create_tensor: loading tensor blk.28.attn_q_a.weight
create_tensor: loading tensor blk.28.attn_q_b.weight
create_tensor: loading tensor blk.28.attn_kv_a_mqa.weight
create_tensor: loading tensor blk.28.attn_k_b.weight
create_tensor: loading tensor blk.28.attn_v_b.weight
create_tensor: loading tensor blk.28.attn_output.weight
create_tensor: loading tensor blk.28.ffn_norm.weight
create_tensor: loading tensor blk.28.indexer.k_norm.weight
create_tensor: loading tensor blk.28.indexer.k_norm.bias
create_tensor: loading tensor blk.28.indexer.proj.weight
create_tensor: loading tensor blk.28.indexer.attn_k.weight
create_tensor: loading tensor blk.28.indexer.attn_q_b.weight
create_tensor: loading tensor blk.28.ffn_gate_inp.weight
create_tensor: loading tensor blk.28.exp_probs_b.bias
create_tensor: loading tensor blk.28.ffn_gate_exps.weight
create_tensor: loading tensor blk.28.ffn_down_exps.weight
create_tensor: loading tensor blk.28.ffn_up_exps.weight
create_tensor: loading tensor blk.28.ffn_gate_shexp.weight
create_tensor: loading tensor blk.28.ffn_down_shexp.weight
create_tensor: loading tensor blk.28.ffn_up_shexp.weight
create_tensor: loading tensor blk.29.attn_norm.weight
create_tensor: loading tensor blk.29.attn_q_a_norm.weight
create_tensor: loading tensor blk.29.attn_kv_a_norm.weight
create_tensor: loading tensor blk.29.attn_q_a.weight
create_tensor: loading tensor blk.29.attn_q_b.weight
create_tensor: loading tensor blk.29.attn_kv_a_mqa.weight
create_tensor: loading tensor blk.29.attn_k_b.weight
create_tensor: loading tensor blk.29.attn_v_b.weight
create_tensor: loading tensor blk.29.attn_output.weight
create_tensor: loading tensor blk.29.ffn_norm.weight
create_tensor: loading tensor blk.29.indexer.k_norm.weight
create_tensor: loading tensor blk.29.indexer.k_norm.bias
create_tensor: loading tensor blk.29.indexer.proj.weight
create_tensor: loading tensor blk.29.indexer.attn_k.weight
create_tensor: loading tensor blk.29.indexer.attn_q_b.weight
create_tensor: loading tensor blk.29.ffn_gate_inp.weight
create_tensor: loading tensor blk.29.exp_probs_b.bias
create_tensor: loading tensor blk.29.ffn_gate_exps.weight
create_tensor: loading tensor blk.29.ffn_down_exps.weight
create_tensor: loading tensor blk.29.ffn_up_exps.weight
create_tensor: loading tensor blk.29.ffn_gate_shexp.weight
create_tensor: loading tensor blk.29.ffn_down_shexp.weight
create_tensor: loading tensor blk.29.ffn_up_shexp.weight
create_tensor: loading tensor blk.30.attn_norm.weight
create_tensor: loading tensor blk.30.attn_q_a_norm.weight
create_tensor: loading tensor blk.30.attn_kv_a_norm.weight
create_tensor: loading tensor blk.30.attn_q_a.weight
create_tensor: loading tensor blk.30.attn_q_b.weight
create_tensor: loading tensor blk.30.attn_kv_a_mqa.weight
create_tensor: loading tensor blk.30.attn_k_b.weight
create_tensor: loading tensor blk.30.attn_v_b.weight
create_tensor: loading tensor blk.30.attn_output.weight
create_tensor: loading tensor blk.30.ffn_norm.weight
create_tensor: loading tensor blk.30.indexer.k_norm.weight
create_tensor: loading tensor blk.30.indexer.k_norm.bias
create_tensor: loading tensor blk.30.indexer.proj.weight
create_tensor: loading tensor blk.30.indexer.attn_k.weight
create_tensor: loading tensor blk.30.indexer.attn_q_b.weight
create_tensor: loading tensor blk.30.ffn_gate_inp.weight
create_tensor: loading tensor blk.30.exp_probs_b.bias
create_tensor: loading tensor blk.30.ffn_gate_exps.weight
create_tensor: loading tensor blk.30.ffn_down_exps.weight
create_tensor: loading tensor blk.30.ffn_up_exps.weight
create_tensor: loading tensor blk.30.ffn_gate_shexp.weight
create_tensor: loading tensor blk.30.ffn_down_shexp.weight
create_tensor: loading tensor blk.30.ffn_up_shexp.weight
create_tensor: loading tensor blk.31.attn_norm.weight
create_tensor: loading tensor blk.31.attn_q_a_norm.weight
create_tensor: loading tensor blk.31.attn_kv_a_norm.weight
create_tensor: loading tensor blk.31.attn_q_a.weight
create_tensor: loading tensor blk.31.attn_q_b.weight
create_tensor: loading tensor blk.31.attn_kv_a_mqa.weight
create_tensor: loading tensor blk.31.attn_k_b.weight
create_tensor: loading tensor blk.31.attn_v_b.weight
create_tensor: loading tensor blk.31.attn_output.weight
create_tensor: loading tensor blk.31.ffn_norm.weight
create_tensor: loading tensor blk.31.indexer.k_norm.weight
create_tensor: loading tensor blk.31.indexer.k_norm.bias
create_tensor: loading tensor blk.31.indexer.proj.weight
create_tensor: loading tensor blk.31.indexer.attn_k.weight
create_tensor: loading tensor blk.31.indexer.attn_q_b.weight
create_tensor: loading tensor blk.31.ffn_gate_inp.weight
create_tensor: loading tensor blk.31.exp_probs_b.bias
create_tensor: loading tensor blk.31.ffn_gate_exps.weight
create_tensor: loading tensor blk.31.ffn_down_exps.weight
create_tensor: loading tensor blk.31.ffn_up_exps.weight
create_tensor: loading tensor blk.31.ffn_gate_shexp.weight
create_tensor: loading tensor blk.31.ffn_down_shexp.weight
create_tensor: loading tensor blk.31.ffn_up_shexp.weight
create_tensor: loading tensor blk.32.attn_norm.weight
create_tensor: loading tensor blk.32.attn_q_a_norm.weight
create_tensor: loading tensor blk.32.attn_kv_a_norm.weight
create_tensor: loading tensor blk.32.attn_q_a.weight
create_tensor: loading tensor blk.32.attn_q_b.weight
create_tensor: loading tensor blk.32.attn_kv_a_mqa.weight
create_tensor: loading tensor blk.32.attn_k_b.weight
create_tensor: loading tensor blk.32.attn_v_b.weight
create_tensor: loading tensor blk.32.attn_output.weight
create_tensor: loading tensor blk.32.ffn_norm.weight
create_tensor: loading tensor blk.32.indexer.k_norm.weight
create_tensor: loading tensor blk.32.indexer.k_norm.bias
create_tensor: loading tensor blk.32.indexer.proj.weight
create_tensor: loading tensor blk.32.indexer.attn_k.weight
create_tensor: loading tensor blk.32.indexer.attn_q_b.weight
create_tensor: loading tensor blk.32.ffn_gate_inp.weight
create_tensor: loading tensor blk.32.exp_probs_b.bias
create_tensor: loading tensor blk.32.ffn_gate_exps.weight
create_tensor: loading tensor blk.32.ffn_down_exps.weight
create_tensor: loading tensor blk.32.ffn_up_exps.weight
create_tensor: loading tensor blk.32.ffn_gate_shexp.weight
create_tensor: loading tensor blk.32.ffn_down_shexp.weight
create_tensor: loading tensor blk.32.ffn_up_shexp.weight
create_tensor: loading tensor blk.33.attn_norm.weight
create_tensor: loading tensor blk.33.attn_q_a_norm.weight
create_tensor: loading tensor blk.33.attn_kv_a_norm.weight
create_tensor: loading tensor blk.33.attn_q_a.weight
create_tensor: loading tensor blk.33.attn_q_b.weight
create_tensor: loading tensor blk.33.attn_kv_a_mqa.weight
create_tensor: loading tensor blk.33.attn_k_b.weight
create_tensor: loading tensor blk.33.attn_v_b.weight
create_tensor: loading tensor blk.33.attn_output.weight
create_tensor: loading tensor blk.33.ffn_norm.weight
create_tensor: loading tensor blk.33.indexer.k_norm.weight
create_tensor: loading tensor blk.33.indexer.k_norm.bias
create_tensor: loading tensor blk.33.indexer.proj.weight
create_tensor: loading tensor blk.33.indexer.attn_k.weight
create_tensor: loading tensor blk.33.indexer.attn_q_b.weight
create_tensor: loading tensor blk.33.ffn_gate_inp.weight
create_tensor: loading tensor blk.33.exp_probs_b.bias
create_tensor: loading tensor blk.33.ffn_gate_exps.weight
create_tensor: loading tensor blk.33.ffn_down_exps.weight
create_tensor: loading tensor blk.33.ffn_up_exps.weight
create_tensor: loading tensor blk.33.ffn_gate_shexp.weight
create_tensor: loading tensor blk.33.ffn_down_shexp.weight
create_tensor: loading tensor blk.33.ffn_up_shexp.weight
create_tensor: loading tensor blk.34.attn_norm.weight
create_tensor: loading tensor blk.34.attn_q_a_norm.weight
create_tensor: loading tensor blk.34.attn_kv_a_norm.weight
create_tensor: loading tensor blk.34.attn_q_a.weight
create_tensor: loading tensor blk.34.attn_q_b.weight
create_tensor: loading tensor blk.34.attn_kv_a_mqa.weight
create_tensor: loading tensor blk.34.attn_k_b.weight
create_tensor: loading tensor blk.34.attn_v_b.weight
create_tensor: loading tensor blk.34.attn_output.weight
create_tensor: loading tensor blk.34.ffn_norm.weight
create_tensor: loading tensor blk.34.indexer.k_norm.weight
create_tensor: loading tensor blk.34.indexer.k_norm.bias
create_tensor: loading tensor blk.34.indexer.proj.weight
create_tensor: loading tensor blk.34.indexer.attn_k.weight
create_tensor: loading tensor blk.34.indexer.attn_q_b.weight
create_tensor: loading tensor blk.34.ffn_gate_inp.weight
create_tensor: loading tensor blk.34.exp_probs_b.bias
create_tensor: loading tensor blk.34.ffn_gate_exps.weight
create_tensor: loading tensor blk.34.ffn_down_exps.weight
create_tensor: loading tensor blk.34.ffn_up_exps.weight
create_tensor: loading tensor blk.34.ffn_gate_shexp.weight
create_tensor: loading tensor blk.34.ffn_down_shexp.weight
create_tensor: loading tensor blk.34.ffn_up_shexp.weight
create_tensor: loading tensor blk.35.attn_norm.weight
create_tensor: loading tensor blk.35.attn_q_a_norm.weight
create_tensor: loading tensor blk.35.attn_kv_a_norm.weight
create_tensor: loading tensor blk.35.attn_q_a.weight
create_tensor: loading tensor blk.35.attn_q_b.weight
create_tensor: loading tensor blk.35.attn_kv_a_mqa.weight
create_tensor: loading tensor blk.35.attn_k_b.weight
create_tensor: loading tensor blk.35.attn_v_b.weight
create_tensor: loading tensor blk.35.attn_output.weight
create_tensor: loading tensor blk.35.ffn_norm.weight
create_tensor: loading tensor blk.35.indexer.k_norm.weight
create_tensor: loading tensor blk.35.indexer.k_norm.bias
create_tensor: loading tensor blk.35.indexer.proj.weight
create_tensor: loading tensor blk.35.indexer.attn_k.weight
create_tensor: loading tensor blk.35.indexer.attn_q_b.weight
create_tensor: loading tensor blk.35.ffn_gate_inp.weight
create_tensor: loading tensor blk.35.exp_probs_b.bias
create_tensor: loading tensor blk.35.ffn_gate_exps.weight
create_tensor: loading tensor blk.35.ffn_down_exps.weight
create_tensor: loading tensor blk.35.ffn_up_exps.weight
create_tensor: loading tensor blk.35.ffn_gate_shexp.weight
create_tensor: loading tensor blk.35.ffn_down_shexp.weight
create_tensor: loading tensor blk.35.ffn_up_shexp.weight
create_tensor: loading tensor blk.36.attn_norm.weight
create_tensor: loading tensor blk.36.attn_q_a_norm.weight
create_tensor: loading tensor blk.36.attn_kv_a_norm.weight
create_tensor: loading tensor blk.36.attn_q_a.weight
create_tensor: loading tensor blk.36.attn_q_b.weight
create_tensor: loading tensor blk.36.attn_kv_a_mqa.weight
create_tensor: loading tensor blk.36.attn_k_b.weight
create_tensor: loading tensor blk.36.attn_v_b.weight
create_tensor: loading tensor blk.36.attn_output.weight
create_tensor: loading tensor blk.36.ffn_norm.weight
create_tensor: loading tensor blk.36.indexer.k_norm.weight
create_tensor: loading tensor blk.36.indexer.k_norm.bias
create_tensor: loading tensor blk.36.indexer.proj.weight
create_tensor: loading tensor blk.36.indexer.attn_k.weight
create_tensor: loading tensor blk.36.indexer.attn_q_b.weight
create_tensor: loading tensor blk.36.ffn_gate_inp.weight
create_tensor: loading tensor blk.36.exp_probs_b.bias
create_tensor: loading tensor blk.36.ffn_gate_exps.weight
create_tensor: loading tensor blk.36.ffn_down_exps.weight
create_tensor: loading tensor blk.36.ffn_up_exps.weight
create_tensor: loading tensor blk.36.ffn_gate_shexp.weight
create_tensor: loading tensor blk.36.ffn_down_shexp.weight
create_tensor: loading tensor blk.36.ffn_up_shexp.weight
create_tensor: loading tensor blk.37.attn_norm.weight
create_tensor: loading tensor blk.37.attn_q_a_norm.weight
create_tensor: loading tensor blk.37.attn_kv_a_norm.weight
create_tensor: loading tensor blk.37.attn_q_a.weight
create_tensor: loading tensor blk.37.attn_q_b.weight
create_tensor: loading tensor blk.37.attn_kv_a_mqa.weight
create_tensor: loading tensor blk.37.attn_k_b.weight
create_tensor: loading tensor blk.37.attn_v_b.weight
create_tensor: loading tensor blk.37.attn_output.weight
create_tensor: loading tensor blk.37.ffn_norm.weight
create_tensor: loading tensor blk.37.indexer.k_norm.weight
create_tensor: loading tensor blk.37.indexer.k_norm.bias
create_tensor: loading tensor blk.37.indexer.proj.weight
create_tensor: loading tensor blk.37.indexer.attn_k.weight
create_tensor: loading tensor blk.37.indexer.attn_q_b.weight
create_tensor: loading tensor blk.37.ffn_gate_inp.weight
create_tensor: loading tensor blk.37.exp_probs_b.bias
create_tensor: loading tensor blk.37.ffn_gate_exps.weight
create_tensor: loading tensor blk.37.ffn_down_exps.weight
create_tensor: loading tensor blk.37.ffn_up_exps.weight
create_tensor: loading tensor blk.37.ffn_gate_shexp.weight
create_tensor: loading tensor blk.37.ffn_down_shexp.weight
create_tensor: loading tensor blk.37.ffn_up_shexp.weight
create_tensor: loading tensor blk.38.attn_norm.weight
create_tensor: loading tensor blk.38.attn_q_a_norm.weight
create_tensor: loading tensor blk.38.attn_kv_a_norm.weight
create_tensor: loading tensor blk.38.attn_q_a.weight
create_tensor: loading tensor blk.38.attn_q_b.weight
create_tensor: loading tensor blk.38.attn_kv_a_mqa.weight
create_tensor: loading tensor blk.38.attn_k_b.weight
create_tensor: loading tensor blk.38.attn_v_b.weight
create_tensor: loading tensor blk.38.attn_output.weight
create_tensor: loading tensor blk.38.ffn_norm.weight
create_tensor: loading tensor blk.38.indexer.k_norm.weight
create_tensor: loading tensor blk.38.indexer.k_norm.bias
create_tensor: loading tensor blk.38.indexer.proj.weight
create_tensor: loading tensor blk.38.indexer.attn_k.weight
create_tensor: loading tensor blk.38.indexer.attn_q_b.weight
create_tensor: loading tensor blk.38.ffn_gate_inp.weight
create_tensor: loading tensor blk.38.exp_probs_b.bias
create_tensor: loading tensor blk.38.ffn_gate_exps.weight
create_tensor: loading tensor blk.38.ffn_down_exps.weight
create_tensor: loading tensor blk.38.ffn_up_exps.weight
create_tensor: loading tensor blk.38.ffn_gate_shexp.weight
create_tensor: loading tensor blk.38.ffn_down_shexp.weight
create_tensor: loading tensor blk.38.ffn_up_shexp.weight
create_tensor: loading tensor blk.39.attn_norm.weight
create_tensor: loading tensor blk.39.attn_q_a_norm.weight
create_tensor: loading tensor blk.39.attn_kv_a_norm.weight
create_tensor: loading tensor blk.39.attn_q_a.weight
create_tensor: loading tensor blk.39.attn_q_b.weight
create_tensor: loading tensor blk.39.attn_kv_a_mqa.weight
create_tensor: loading tensor blk.39.attn_k_b.weight
create_tensor: loading tensor blk.39.attn_v_b.weight
create_tensor: loading tensor blk.39.attn_output.weight
create_tensor: loading tensor blk.39.ffn_norm.weight
create_tensor: loading tensor blk.39.indexer.k_norm.weight
create_tensor: loading tensor blk.39.indexer.k_norm.bias
create_tensor: loading tensor blk.39.indexer.proj.weight
create_tensor: loading tensor blk.39.indexer.attn_k.weight
create_tensor: loading tensor blk.39.indexer.attn_q_b.weight
create_tensor: loading tensor blk.39.ffn_gate_inp.weight
create_tensor: loading tensor blk.39.exp_probs_b.bias
create_tensor: loading tensor blk.39.ffn_gate_exps.weight
create_tensor: loading tensor blk.39.ffn_down_exps.weight
create_tensor: loading tensor blk.39.ffn_up_exps.weight
create_tensor: loading tensor blk.39.ffn_gate_shexp.weight
create_tensor: loading tensor blk.39.ffn_down_shexp.weight
create_tensor: loading tensor blk.39.ffn_up_shexp.weight
create_tensor: loading tensor blk.40.attn_norm.weight
create_tensor: loading tensor blk.40.attn_q_a_norm.weight
create_tensor: loading tensor blk.40.attn_kv_a_norm.weight
create_tensor: loading tensor blk.40.attn_q_a.weight
create_tensor: loading tensor blk.40.attn_q_b.weight
create_tensor: loading tensor blk.40.attn_kv_a_mqa.weight
create_tensor: loading tensor blk.40.attn_k_b.weight
create_tensor: loading tensor blk.40.attn_v_b.weight
create_tensor: loading tensor blk.40.attn_output.weight
create_tensor: loading tensor blk.40.ffn_norm.weight
create_tensor: loading tensor blk.40.indexer.k_norm.weight
create_tensor: loading tensor blk.40.indexer.k_norm.bias
create_tensor: loading tensor blk.40.indexer.proj.weight
create_tensor: loading tensor blk.40.indexer.attn_k.weight
create_tensor: loading tensor blk.40.indexer.attn_q_b.weight
create_tensor: loading tensor blk.40.ffn_gate_inp.weight
create_tensor: loading tensor blk.40.exp_probs_b.bias
create_tensor: loading tensor blk.40.ffn_gate_exps.weight
create_tensor: loading tensor blk.40.ffn_down_exps.weight
create_tensor: loading tensor blk.40.ffn_up_exps.weight
create_tensor: loading tensor blk.40.ffn_gate_shexp.weight
create_tensor: loading tensor blk.40.ffn_down_shexp.weight
create_tensor: loading tensor blk.40.ffn_up_shexp.weight
create_tensor: loading tensor blk.41.attn_norm.weight
create_tensor: loading tensor blk.41.attn_q_a_norm.weight
create_tensor: loading tensor blk.41.attn_kv_a_norm.weight
create_tensor: loading tensor blk.41.attn_q_a.weight
create_tensor: loading tensor blk.41.attn_q_b.weight
create_tensor: loading tensor blk.41.attn_kv_a_mqa.weight
create_tensor: loading tensor blk.41.attn_k_b.weight
create_tensor: loading tensor blk.41.attn_v_b.weight
create_tensor: loading tensor blk.41.attn_output.weight
create_tensor: loading tensor blk.41.ffn_norm.weight
create_tensor: loading tensor blk.41.indexer.k_norm.weight
create_tensor: loading tensor blk.41.indexer.k_norm.bias
create_tensor: loading tensor blk.41.indexer.proj.weight
create_tensor: loading tensor blk.41.indexer.attn_k.weight
create_tensor: loading tensor blk.41.indexer.attn_q_b.weight
create_tensor: loading tensor blk.41.ffn_gate_inp.weight
create_tensor: loading tensor blk.41.exp_probs_b.bias
create_tensor: loading tensor blk.41.ffn_gate_exps.weight
create_tensor: loading tensor blk.41.ffn_down_exps.weight
create_tensor: loading tensor blk.41.ffn_up_exps.weight
create_tensor: loading tensor blk.41.ffn_gate_shexp.weight
create_tensor: loading tensor blk.41.ffn_down_shexp.weight
create_tensor: loading tensor blk.41.ffn_up_shexp.weight
create_tensor: loading tensor blk.42.attn_norm.weight
create_tensor: loading tensor blk.42.attn_q_a_norm.weight
create_tensor: loading tensor blk.42.attn_kv_a_norm.weight
create_tensor: loading tensor blk.42.attn_q_a.weight
create_tensor: loading tensor blk.42.attn_q_b.weight
create_tensor: loading tensor blk.42.attn_kv_a_mqa.weight
create_tensor: loading tensor blk.42.attn_k_b.weight
create_tensor: loading tensor blk.42.attn_v_b.weight
create_tensor: loading tensor blk.42.attn_output.weight
create_tensor: loading tensor blk.42.ffn_norm.weight
create_tensor: loading tensor blk.42.indexer.k_norm.weight
create_tensor: loading tensor blk.42.indexer.k_norm.bias
create_tensor: loading tensor blk.42.indexer.proj.weight
create_tensor: loading tensor blk.42.indexer.attn_k.weight
create_tensor: loading tensor blk.42.indexer.attn_q_b.weight
create_tensor: loading tensor blk.42.ffn_gate_inp.weight
create_tensor: loading tensor blk.42.exp_probs_b.bias
create_tensor: loading tensor blk.42.ffn_gate_exps.weight
create_tensor: loading tensor blk.42.ffn_down_exps.weight
create_tensor: loading tensor blk.42.ffn_up_exps.weight
create_tensor: loading tensor blk.42.ffn_gate_shexp.weight
create_tensor: loading tensor blk.42.ffn_down_shexp.weight
create_tensor: loading tensor blk.42.ffn_up_shexp.weight
create_tensor: loading tensor blk.43.attn_norm.weight
create_tensor: loading tensor blk.43.attn_q_a_norm.weight
create_tensor: loading tensor blk.43.attn_kv_a_norm.weight
create_tensor: loading tensor blk.43.attn_q_a.weight
create_tensor: loading tensor blk.43.attn_q_b.weight
create_tensor: loading tensor blk.43.attn_kv_a_mqa.weight
create_tensor: loading tensor blk.43.attn_k_b.weight
create_tensor: loading tensor blk.43.attn_v_b.weight
create_tensor: loading tensor blk.43.attn_output.weight
create_tensor: loading tensor blk.43.ffn_norm.weight
create_tensor: loading tensor blk.43.indexer.k_norm.weight
create_tensor: loading tensor blk.43.indexer.k_norm.bias
create_tensor: loading tensor blk.43.indexer.proj.weight
create_tensor: loading tensor blk.43.indexer.attn_k.weight
create_tensor: loading tensor blk.43.indexer.attn_q_b.weight
create_tensor: loading tensor blk.43.ffn_gate_inp.weight
create_tensor: loading tensor blk.43.exp_probs_b.bias
create_tensor: loading tensor blk.43.ffn_gate_exps.weight
create_tensor: loading tensor blk.43.ffn_down_exps.weight
create_tensor: loading tensor blk.43.ffn_up_exps.weight
create_tensor: loading tensor blk.43.ffn_gate_shexp.weight
create_tensor: loading tensor blk.43.ffn_down_shexp.weight
create_tensor: loading tensor blk.43.ffn_up_shexp.weight
create_tensor: loading tensor blk.44.attn_norm.weight
create_tensor: loading tensor blk.44.attn_q_a_norm.weight
create_tensor: loading tensor blk.44.attn_kv_a_norm.weight
create_tensor: loading tensor blk.44.attn_q_a.weight
create_tensor: loading tensor blk.44.attn_q_b.weight
create_tensor: loading tensor blk.44.attn_kv_a_mqa.weight
create_tensor: loading tensor blk.44.attn_k_b.weight
create_tensor: loading tensor blk.44.attn_v_b.weight
create_tensor: loading tensor blk.44.attn_output.weight
create_tensor: loading tensor blk.44.ffn_norm.weight
create_tensor: loading tensor blk.44.indexer.k_norm.weight
create_tensor: loading tensor blk.44.indexer.k_norm.bias
create_tensor: loading tensor blk.44.indexer.proj.weight
create_tensor: loading tensor blk.44.indexer.attn_k.weight
create_tensor: loading tensor blk.44.indexer.attn_q_b.weight
create_tensor: loading tensor blk.44.ffn_gate_inp.weight
create_tensor: loading tensor blk.44.exp_probs_b.bias
create_tensor: loading tensor blk.44.ffn_gate_exps.weight
create_tensor: loading tensor blk.44.ffn_down_exps.weight
create_tensor: loading tensor blk.44.ffn_up_exps.weight
create_tensor: loading tensor blk.44.ffn_gate_shexp.weight
create_tensor: loading tensor blk.44.ffn_down_shexp.weight
create_tensor: loading tensor blk.44.ffn_up_shexp.weight
create_tensor: loading tensor blk.45.attn_norm.weight
create_tensor: loading tensor blk.45.attn_q_a_norm.weight
create_tensor: loading tensor blk.45.attn_kv_a_norm.weight
create_tensor: loading tensor blk.45.attn_q_a.weight
create_tensor: loading tensor blk.45.attn_q_b.weight
create_tensor: loading tensor blk.45.attn_kv_a_mqa.weight
create_tensor: loading tensor blk.45.attn_k_b.weight
create_tensor: loading tensor blk.45.attn_v_b.weight
create_tensor: loading tensor blk.45.attn_output.weight
create_tensor: loading tensor blk.45.ffn_norm.weight
create_tensor: loading tensor blk.45.indexer.k_norm.weight
create_tensor: loading tensor blk.45.indexer.k_norm.bias
create_tensor: loading tensor blk.45.indexer.proj.weight
create_tensor: loading tensor blk.45.indexer.attn_k.weight
create_tensor: loading tensor blk.45.indexer.attn_q_b.weight
create_tensor: loading tensor blk.45.ffn_gate_inp.weight
create_tensor: loading tensor blk.45.exp_probs_b.bias
create_tensor: loading tensor blk.45.ffn_gate_exps.weight
create_tensor: loading tensor blk.45.ffn_down_exps.weight
create_tensor: loading tensor blk.45.ffn_up_exps.weight
create_tensor: loading tensor blk.45.ffn_gate_shexp.weight
create_tensor: loading tensor blk.45.ffn_down_shexp.weight
create_tensor: loading tensor blk.45.ffn_up_shexp.weight
create_tensor: loading tensor blk.46.attn_norm.weight
create_tensor: loading tensor blk.46.attn_q_a_norm.weight
create_tensor: loading tensor blk.46.attn_kv_a_norm.weight
create_tensor: loading tensor blk.46.attn_q_a.weight
create_tensor: loading tensor blk.46.attn_q_b.weight
create_tensor: loading tensor blk.46.attn_kv_a_mqa.weight
create_tensor: loading tensor blk.46.attn_k_b.weight
create_tensor: loading tensor blk.46.attn_v_b.weight
create_tensor: loading tensor blk.46.attn_output.weight
create_tensor: loading tensor blk.46.ffn_norm.weight
create_tensor: loading tensor blk.46.indexer.k_norm.weight
create_tensor: loading tensor blk.46.indexer.k_norm.bias
create_tensor: loading tensor blk.46.indexer.proj.weight
create_tensor: loading tensor blk.46.indexer.attn_k.weight
create_tensor: loading tensor blk.46.indexer.attn_q_b.weight
create_tensor: loading tensor blk.46.ffn_gate_inp.weight
create_tensor: loading tensor blk.46.exp_probs_b.bias
create_tensor: loading tensor blk.46.ffn_gate_exps.weight
create_tensor: loading tensor blk.46.ffn_down_exps.weight
create_tensor: loading tensor blk.46.ffn_up_exps.weight
create_tensor: loading tensor blk.46.ffn_gate_shexp.weight
create_tensor: loading tensor blk.46.ffn_down_shexp.weight
create_tensor: loading tensor blk.46.ffn_up_shexp.weight
create_tensor: loading tensor blk.47.attn_norm.weight
create_tensor: loading tensor blk.47.attn_q_a_norm.weight
create_tensor: loading tensor blk.47.attn_kv_a_norm.weight
create_tensor: loading tensor blk.47.attn_q_a.weight
create_tensor: loading tensor blk.47.attn_q_b.weight
create_tensor: loading tensor blk.47.attn_kv_a_mqa.weight
create_tensor: loading tensor blk.47.attn_k_b.weight
create_tensor: loading tensor blk.47.attn_v_b.weight
create_tensor: loading tensor blk.47.attn_output.weight
create_tensor: loading tensor blk.47.ffn_norm.weight
create_tensor: loading tensor blk.47.indexer.k_norm.weight
create_tensor: loading tensor blk.47.indexer.k_norm.bias
create_tensor: loading tensor blk.47.indexer.proj.weight
create_tensor: loading tensor blk.47.indexer.attn_k.weight
create_tensor: loading tensor blk.47.indexer.attn_q_b.weight
create_tensor: loading tensor blk.47.ffn_gate_inp.weight
create_tensor: loading tensor blk.47.exp_probs_b.bias
create_tensor: loading tensor blk.47.ffn_gate_exps.weight
create_tensor: loading tensor blk.47.ffn_down_exps.weight
create_tensor: loading tensor blk.47.ffn_up_exps.weight
create_tensor: loading tensor blk.47.ffn_gate_shexp.weight
create_tensor: loading tensor blk.47.ffn_down_shexp.weight
create_tensor: loading tensor blk.47.ffn_up_shexp.weight
create_tensor: loading tensor blk.48.attn_norm.weight
create_tensor: loading tensor blk.48.attn_q_a_norm.weight
create_tensor: loading tensor blk.48.attn_kv_a_norm.weight
create_tensor: loading tensor blk.48.attn_q_a.weight
create_tensor: loading tensor blk.48.attn_q_b.weight
create_tensor: loading tensor blk.48.attn_kv_a_mqa.weight
create_tensor: loading tensor blk.48.attn_k_b.weight
create_tensor: loading tensor blk.48.attn_v_b.weight
create_tensor: loading tensor blk.48.attn_output.weight
create_tensor: loading tensor blk.48.ffn_norm.weight
create_tensor: loading tensor blk.48.indexer.k_norm.weight
create_tensor: loading tensor blk.48.indexer.k_norm.bias
create_tensor: loading tensor blk.48.indexer.proj.weight
create_tensor: loading tensor blk.48.indexer.attn_k.weight
create_tensor: loading tensor blk.48.indexer.attn_q_b.weight
create_tensor: loading tensor blk.48.ffn_gate_inp.weight
create_tensor: loading tensor blk.48.exp_probs_b.bias
create_tensor: loading tensor blk.48.ffn_gate_exps.weight
create_tensor: loading tensor blk.48.ffn_down_exps.weight
create_tensor: loading tensor blk.48.ffn_up_exps.weight
create_tensor: loading tensor blk.48.ffn_gate_shexp.weight
create_tensor: loading tensor blk.48.ffn_down_shexp.weight
create_tensor: loading tensor blk.48.ffn_up_shexp.weight
create_tensor: loading tensor blk.49.attn_norm.weight
create_tensor: loading tensor blk.49.attn_q_a_norm.weight
create_tensor: loading tensor blk.49.attn_kv_a_norm.weight
create_tensor: loading tensor blk.49.attn_q_a.weight
create_tensor: loading tensor blk.49.attn_q_b.weight
create_tensor: loading tensor blk.49.attn_kv_a_mqa.weight
create_tensor: loading tensor blk.49.attn_k_b.weight
create_tensor: loading tensor blk.49.attn_v_b.weight
create_tensor: loading tensor blk.49.attn_output.weight
create_tensor: loading tensor blk.49.ffn_norm.weight
create_tensor: loading tensor blk.49.indexer.k_norm.weight
create_tensor: loading tensor blk.49.indexer.k_norm.bias
create_tensor: loading tensor blk.49.indexer.proj.weight
create_tensor: loading tensor blk.49.indexer.attn_k.weight
create_tensor: loading tensor blk.49.indexer.attn_q_b.weight
create_tensor: loading tensor blk.49.ffn_gate_inp.weight
create_tensor: loading tensor blk.49.exp_probs_b.bias
create_tensor: loading tensor blk.49.ffn_gate_exps.weight
create_tensor: loading tensor blk.49.ffn_down_exps.weight
create_tensor: loading tensor blk.49.ffn_up_exps.weight
create_tensor: loading tensor blk.49.ffn_gate_shexp.weight
create_tensor: loading tensor blk.49.ffn_down_shexp.weight
create_tensor: loading tensor blk.49.ffn_up_shexp.weight
create_tensor: loading tensor blk.50.attn_norm.weight
create_tensor: loading tensor blk.50.attn_q_a_norm.weight
create_tensor: loading tensor blk.50.attn_kv_a_norm.weight
create_tensor: loading tensor blk.50.attn_q_a.weight
create_tensor: loading tensor blk.50.attn_q_b.weight
create_tensor: loading tensor blk.50.attn_kv_a_mqa.weight
create_tensor: loading tensor blk.50.attn_k_b.weight
create_tensor: loading tensor blk.50.attn_v_b.weight
create_tensor: loading tensor blk.50.attn_output.weight
create_tensor: loading tensor blk.50.ffn_norm.weight
create_tensor: loading tensor blk.50.indexer.k_norm.weight
create_tensor: loading tensor blk.50.indexer.k_norm.bias
create_tensor: loading tensor blk.50.indexer.proj.weight
create_tensor: loading tensor blk.50.indexer.attn_k.weight
create_tensor: loading tensor blk.50.indexer.attn_q_b.weight
create_tensor: loading tensor blk.50.ffn_gate_inp.weight
create_tensor: loading tensor blk.50.exp_probs_b.bias
create_tensor: loading tensor blk.50.ffn_gate_exps.weight
create_tensor: loading tensor blk.50.ffn_down_exps.weight
create_tensor: loading tensor blk.50.ffn_up_exps.weight
create_tensor: loading tensor blk.50.ffn_gate_shexp.weight
create_tensor: loading tensor blk.50.ffn_down_shexp.weight
create_tensor: loading tensor blk.50.ffn_up_shexp.weight
create_tensor: loading tensor blk.51.attn_norm.weight
create_tensor: loading tensor blk.51.attn_q_a_norm.weight
create_tensor: loading tensor blk.51.attn_kv_a_norm.weight
create_tensor: loading tensor blk.51.attn_q_a.weight
create_tensor: loading tensor blk.51.attn_q_b.weight
create_tensor: loading tensor blk.51.attn_kv_a_mqa.weight
create_tensor: loading tensor blk.51.attn_k_b.weight
create_tensor: loading tensor blk.51.attn_v_b.weight
create_tensor: loading tensor blk.51.attn_output.weight
create_tensor: loading tensor blk.51.ffn_norm.weight
create_tensor: loading tensor blk.51.indexer.k_norm.weight
create_tensor: loading tensor blk.51.indexer.k_norm.bias
create_tensor: loading tensor blk.51.indexer.proj.weight
create_tensor: loading tensor blk.51.indexer.attn_k.weight
create_tensor: loading tensor blk.51.indexer.attn_q_b.weight
create_tensor: loading tensor blk.51.ffn_gate_inp.weight
create_tensor: loading tensor blk.51.exp_probs_b.bias
create_tensor: loading tensor blk.51.ffn_gate_exps.weight
create_tensor: loading tensor blk.51.ffn_down_exps.weight
create_tensor: loading tensor blk.51.ffn_up_exps.weight
create_tensor: loading tensor blk.51.ffn_gate_shexp.weight
create_tensor: loading tensor blk.51.ffn_down_shexp.weight
create_tensor: loading tensor blk.51.ffn_up_shexp.weight
create_tensor: loading tensor blk.52.attn_norm.weight
create_tensor: loading tensor blk.52.attn_q_a_norm.weight
create_tensor: loading tensor blk.52.attn_kv_a_norm.weight
create_tensor: loading tensor blk.52.attn_q_a.weight
create_tensor: loading tensor blk.52.attn_q_b.weight
create_tensor: loading tensor blk.52.attn_kv_a_mqa.weight
create_tensor: loading tensor blk.52.attn_k_b.weight
create_tensor: loading tensor blk.52.attn_v_b.weight
create_tensor: loading tensor blk.52.attn_output.weight
create_tensor: loading tensor blk.52.ffn_norm.weight
create_tensor: loading tensor blk.52.indexer.k_norm.weight
create_tensor: loading tensor blk.52.indexer.k_norm.bias
create_tensor: loading tensor blk.52.indexer.proj.weight
create_tensor: loading tensor blk.52.indexer.attn_k.weight
create_tensor: loading tensor blk.52.indexer.attn_q_b.weight
create_tensor: loading tensor blk.52.ffn_gate_inp.weight
create_tensor: loading tensor blk.52.exp_probs_b.bias
create_tensor: loading tensor blk.52.ffn_gate_exps.weight
create_tensor: loading tensor blk.52.ffn_down_exps.weight
create_tensor: loading tensor blk.52.ffn_up_exps.weight
create_tensor: loading tensor blk.52.ffn_gate_shexp.weight
create_tensor: loading tensor blk.52.ffn_down_shexp.weight
create_tensor: loading tensor blk.52.ffn_up_shexp.weight
create_tensor: loading tensor blk.53.attn_norm.weight
create_tensor: loading tensor blk.53.attn_q_a_norm.weight
create_tensor: loading tensor blk.53.attn_kv_a_norm.weight
create_tensor: loading tensor blk.53.attn_q_a.weight
create_tensor: loading tensor blk.53.attn_q_b.weight
create_tensor: loading tensor blk.53.attn_kv_a_mqa.weight
create_tensor: loading tensor blk.53.attn_k_b.weight
create_tensor: loading tensor blk.53.attn_v_b.weight
create_tensor: loading tensor blk.53.attn_output.weight
create_tensor: loading tensor blk.53.ffn_norm.weight
create_tensor: loading tensor blk.53.indexer.k_norm.weight
create_tensor: loading tensor blk.53.indexer.k_norm.bias
create_tensor: loading tensor blk.53.indexer.proj.weight
create_tensor: loading tensor blk.53.indexer.attn_k.weight
create_tensor: loading tensor blk.53.indexer.attn_q_b.weight
create_tensor: loading tensor blk.53.ffn_gate_inp.weight
create_tensor: loading tensor blk.53.exp_probs_b.bias
create_tensor: loading tensor blk.53.ffn_gate_exps.weight
create_tensor: loading tensor blk.53.ffn_down_exps.weight
create_tensor: loading tensor blk.53.ffn_up_exps.weight
create_tensor: loading tensor blk.53.ffn_gate_shexp.weight
create_tensor: loading tensor blk.53.ffn_down_shexp.weight
create_tensor: loading tensor blk.53.ffn_up_shexp.weight
create_tensor: loading tensor blk.54.attn_norm.weight
create_tensor: loading tensor blk.54.attn_q_a_norm.weight
create_tensor: loading tensor blk.54.attn_kv_a_norm.weight
create_tensor: loading tensor blk.54.attn_q_a.weight
create_tensor: loading tensor blk.54.attn_q_b.weight
create_tensor: loading tensor blk.54.attn_kv_a_mqa.weight
create_tensor: loading tensor blk.54.attn_k_b.weight
create_tensor: loading tensor blk.54.attn_v_b.weight
create_tensor: loading tensor blk.54.attn_output.weight
create_tensor: loading tensor blk.54.ffn_norm.weight
create_tensor: loading tensor blk.54.indexer.k_norm.weight
create_tensor: loading tensor blk.54.indexer.k_norm.bias
create_tensor: loading tensor blk.54.indexer.proj.weight
create_tensor: loading tensor blk.54.indexer.attn_k.weight
create_tensor: loading tensor blk.54.indexer.attn_q_b.weight
create_tensor: loading tensor blk.54.ffn_gate_inp.weight
create_tensor: loading tensor blk.54.exp_probs_b.bias
create_tensor: loading tensor blk.54.ffn_gate_exps.weight
create_tensor: loading tensor blk.54.ffn_down_exps.weight
create_tensor: loading tensor blk.54.ffn_up_exps.weight
create_tensor: loading tensor blk.54.ffn_gate_shexp.weight
create_tensor: loading tensor blk.54.ffn_down_shexp.weight
create_tensor: loading tensor blk.54.ffn_up_shexp.weight
create_tensor: loading tensor blk.55.attn_norm.weight
create_tensor: loading tensor blk.55.attn_q_a_norm.weight
create_tensor: loading tensor blk.55.attn_kv_a_norm.weight
create_tensor: loading tensor blk.55.attn_q_a.weight
create_tensor: loading tensor blk.55.attn_q_b.weight
create_tensor: loading tensor blk.55.attn_kv_a_mqa.weight
create_tensor: loading tensor blk.55.attn_k_b.weight
create_tensor: loading tensor blk.55.attn_v_b.weight
create_tensor: loading tensor blk.55.attn_output.weight
create_tensor: loading tensor blk.55.ffn_norm.weight
create_tensor: loading tensor blk.55.indexer.k_norm.weight
create_tensor: loading tensor blk.55.indexer.k_norm.bias
create_tensor: loading tensor blk.55.indexer.proj.weight
create_tensor: loading tensor blk.55.indexer.attn_k.weight
create_tensor: loading tensor blk.55.indexer.attn_q_b.weight
create_tensor: loading tensor blk.55.ffn_gate_inp.weight
create_tensor: loading tensor blk.55.exp_probs_b.bias
create_tensor: loading tensor blk.55.ffn_gate_exps.weight
create_tensor: loading tensor blk.55.ffn_down_exps.weight
create_tensor: loading tensor blk.55.ffn_up_exps.weight
create_tensor: loading tensor blk.55.ffn_gate_shexp.weight
create_tensor: loading tensor blk.55.ffn_down_shexp.weight
create_tensor: loading tensor blk.55.ffn_up_shexp.weight
create_tensor: loading tensor blk.56.attn_norm.weight
create_tensor: loading tensor blk.56.attn_q_a_norm.weight
create_tensor: loading tensor blk.56.attn_kv_a_norm.weight
create_tensor: loading tensor blk.56.attn_q_a.weight
create_tensor: loading tensor blk.56.attn_q_b.weight
create_tensor: loading tensor blk.56.attn_kv_a_mqa.weight
create_tensor: loading tensor blk.56.attn_k_b.weight
create_tensor: loading tensor blk.56.attn_v_b.weight
create_tensor: loading tensor blk.56.attn_output.weight
create_tensor: loading tensor blk.56.ffn_norm.weight
create_tensor: loading tensor blk.56.indexer.k_norm.weight
create_tensor: loading tensor blk.56.indexer.k_norm.bias
create_tensor: loading tensor blk.56.indexer.proj.weight
create_tensor: loading tensor blk.56.indexer.attn_k.weight
create_tensor: loading tensor blk.56.indexer.attn_q_b.weight
create_tensor: loading tensor blk.56.ffn_gate_inp.weight
create_tensor: loading tensor blk.56.exp_probs_b.bias
create_tensor: loading tensor blk.56.ffn_gate_exps.weight
create_tensor: loading tensor blk.56.ffn_down_exps.weight
create_tensor: loading tensor blk.56.ffn_up_exps.weight
create_tensor: loading tensor blk.56.ffn_gate_shexp.weight
create_tensor: loading tensor blk.56.ffn_down_shexp.weight
create_tensor: loading tensor blk.56.ffn_up_shexp.weight
create_tensor: loading tensor blk.57.attn_norm.weight
create_tensor: loading tensor blk.57.attn_q_a_norm.weight
create_tensor: loading tensor blk.57.attn_kv_a_norm.weight
create_tensor: loading tensor blk.57.attn_q_a.weight
create_tensor: loading tensor blk.57.attn_q_b.weight
create_tensor: loading tensor blk.57.attn_kv_a_mqa.weight
create_tensor: loading tensor blk.57.attn_k_b.weight
create_tensor: loading tensor blk.57.attn_v_b.weight
create_tensor: loading tensor blk.57.attn_output.weight
create_tensor: loading tensor blk.57.ffn_norm.weight
create_tensor: loading tensor blk.57.indexer.k_norm.weight
create_tensor: loading tensor blk.57.indexer.k_norm.bias
create_tensor: loading tensor blk.57.indexer.proj.weight
create_tensor: loading tensor blk.57.indexer.attn_k.weight
create_tensor: loading tensor blk.57.indexer.attn_q_b.weight
create_tensor: loading tensor blk.57.ffn_gate_inp.weight
create_tensor: loading tensor blk.57.exp_probs_b.bias
create_tensor: loading tensor blk.57.ffn_gate_exps.weight
create_tensor: loading tensor blk.57.ffn_down_exps.weight
create_tensor: loading tensor blk.57.ffn_up_exps.weight
create_tensor: loading tensor blk.57.ffn_gate_shexp.weight
create_tensor: loading tensor blk.57.ffn_down_shexp.weight
create_tensor: loading tensor blk.57.ffn_up_shexp.weight
create_tensor: loading tensor blk.58.attn_norm.weight
create_tensor: loading tensor blk.58.attn_q_a_norm.weight
create_tensor: loading tensor blk.58.attn_kv_a_norm.weight
create_tensor: loading tensor blk.58.attn_q_a.weight
create_tensor: loading tensor blk.58.attn_q_b.weight
create_tensor: loading tensor blk.58.attn_kv_a_mqa.weight
create_tensor: loading tensor blk.58.attn_k_b.weight
create_tensor: loading tensor blk.58.attn_v_b.weight
create_tensor: loading tensor blk.58.attn_output.weight
create_tensor: loading tensor blk.58.ffn_norm.weight
create_tensor: loading tensor blk.58.indexer.k_norm.weight
create_tensor: loading tensor blk.58.indexer.k_norm.bias
create_tensor: loading tensor blk.58.indexer.proj.weight
create_tensor: loading tensor blk.58.indexer.attn_k.weight
create_tensor: loading tensor blk.58.indexer.attn_q_b.weight
create_tensor: loading tensor blk.58.ffn_gate_inp.weight
create_tensor: loading tensor blk.58.exp_probs_b.bias
create_tensor: loading tensor blk.58.ffn_gate_exps.weight
create_tensor: loading tensor blk.58.ffn_down_exps.weight
create_tensor: loading tensor blk.58.ffn_up_exps.weight
create_tensor: loading tensor blk.58.ffn_gate_shexp.weight
create_tensor: loading tensor blk.58.ffn_down_shexp.weight
create_tensor: loading tensor blk.58.ffn_up_shexp.weight
create_tensor: loading tensor blk.59.attn_norm.weight
create_tensor: loading tensor blk.59.attn_q_a_norm.weight
create_tensor: loading tensor blk.59.attn_kv_a_norm.weight
create_tensor: loading tensor blk.59.attn_q_a.weight
create_tensor: loading tensor blk.59.attn_q_b.weight
create_tensor: loading tensor blk.59.attn_kv_a_mqa.weight
create_tensor: loading tensor blk.59.attn_k_b.weight
create_tensor: loading tensor blk.59.attn_v_b.weight
create_tensor: loading tensor blk.59.attn_output.weight
create_tensor: loading tensor blk.59.ffn_norm.weight
create_tensor: loading tensor blk.59.indexer.k_norm.weight
create_tensor: loading tensor blk.59.indexer.k_norm.bias
create_tensor: loading tensor blk.59.indexer.proj.weight
create_tensor: loading tensor blk.59.indexer.attn_k.weight
create_tensor: loading tensor blk.59.indexer.attn_q_b.weight
create_tensor: loading tensor blk.59.ffn_gate_inp.weight
create_tensor: loading tensor blk.59.exp_probs_b.bias
create_tensor: loading tensor blk.59.ffn_gate_exps.weight
create_tensor: loading tensor blk.59.ffn_down_exps.weight
create_tensor: loading tensor blk.59.ffn_up_exps.weight
create_tensor: loading tensor blk.59.ffn_gate_shexp.weight
create_tensor: loading tensor blk.59.ffn_down_shexp.weight
create_tensor: loading tensor blk.59.ffn_up_shexp.weight
create_tensor: loading tensor blk.60.attn_norm.weight
create_tensor: loading tensor blk.60.attn_q_a_norm.weight
create_tensor: loading tensor blk.60.attn_kv_a_norm.weight
create_tensor: loading tensor blk.60.attn_q_a.weight
create_tensor: loading tensor blk.60.attn_q_b.weight
create_tensor: loading tensor blk.60.attn_kv_a_mqa.weight
create_tensor: loading tensor blk.60.attn_k_b.weight
create_tensor: loading tensor blk.60.attn_v_b.weight
create_tensor: loading tensor blk.60.attn_output.weight
create_tensor: loading tensor blk.60.ffn_norm.weight
create_tensor: loading tensor blk.60.indexer.k_norm.weight
create_tensor: loading tensor blk.60.indexer.k_norm.bias
create_tensor: loading tensor blk.60.indexer.proj.weight
create_tensor: loading tensor blk.60.indexer.attn_k.weight
create_tensor: loading tensor blk.60.indexer.attn_q_b.weight
create_tensor: loading tensor blk.60.ffn_gate_inp.weight
create_tensor: loading tensor blk.60.exp_probs_b.bias
create_tensor: loading tensor blk.60.ffn_gate_exps.weight
create_tensor: loading tensor blk.60.ffn_down_exps.weight
create_tensor: loading tensor blk.60.ffn_up_exps.weight
create_tensor: loading tensor blk.60.ffn_gate_shexp.weight
create_tensor: loading tensor blk.60.ffn_down_shexp.weight
create_tensor: loading tensor blk.60.ffn_up_shexp.weight
create_tensor: loading tensor blk.61.attn_norm.weight
create_tensor: loading tensor blk.61.attn_q_a_norm.weight
create_tensor: loading tensor blk.61.attn_kv_a_norm.weight
create_tensor: loading tensor blk.61.attn_q_a.weight
create_tensor: loading tensor blk.61.attn_q_b.weight
create_tensor: loading tensor blk.61.attn_kv_a_mqa.weight
create_tensor: loading tensor blk.61.attn_k_b.weight
create_tensor: loading tensor blk.61.attn_v_b.weight
create_tensor: loading tensor blk.61.attn_output.weight
create_tensor: loading tensor blk.61.ffn_norm.weight
create_tensor: loading tensor blk.61.indexer.k_norm.weight
create_tensor: loading tensor blk.61.indexer.k_norm.bias
create_tensor: loading tensor blk.61.indexer.proj.weight
create_tensor: loading tensor blk.61.indexer.attn_k.weight
create_tensor: loading tensor blk.61.indexer.attn_q_b.weight
create_tensor: loading tensor blk.61.ffn_gate_inp.weight
create_tensor: loading tensor blk.61.exp_probs_b.bias
create_tensor: loading tensor blk.61.ffn_gate_exps.weight
create_tensor: loading tensor blk.61.ffn_down_exps.weight
create_tensor: loading tensor blk.61.ffn_up_exps.weight
create_tensor: loading tensor blk.61.ffn_gate_shexp.weight
create_tensor: loading tensor blk.61.ffn_down_shexp.weight
create_tensor: loading tensor blk.61.ffn_up_shexp.weight
create_tensor: loading tensor blk.62.attn_norm.weight
create_tensor: loading tensor blk.62.attn_q_a_norm.weight
create_tensor: loading tensor blk.62.attn_kv_a_norm.weight
create_tensor: loading tensor blk.62.attn_q_a.weight
create_tensor: loading tensor blk.62.attn_q_b.weight
create_tensor: loading tensor blk.62.attn_kv_a_mqa.weight
create_tensor: loading tensor blk.62.attn_k_b.weight
create_tensor: loading tensor blk.62.attn_v_b.weight
create_tensor: loading tensor blk.62.attn_output.weight
create_tensor: loading tensor blk.62.ffn_norm.weight
create_tensor: loading tensor blk.62.indexer.k_norm.weight
create_tensor: loading tensor blk.62.indexer.k_norm.bias
create_tensor: loading tensor blk.62.indexer.proj.weight
create_tensor: loading tensor blk.62.indexer.attn_k.weight
create_tensor: loading tensor blk.62.indexer.attn_q_b.weight
create_tensor: loading tensor blk.62.ffn_gate_inp.weight
create_tensor: loading tensor blk.62.exp_probs_b.bias
create_tensor: loading tensor blk.62.ffn_gate_exps.weight
create_tensor: loading tensor blk.62.ffn_down_exps.weight
create_tensor: loading tensor blk.62.ffn_up_exps.weight
create_tensor: loading tensor blk.62.ffn_gate_shexp.weight
create_tensor: loading tensor blk.62.ffn_down_shexp.weight
create_tensor: loading tensor blk.62.ffn_up_shexp.weight
create_tensor: loading tensor blk.63.attn_norm.weight
create_tensor: loading tensor blk.63.attn_q_a_norm.weight
create_tensor: loading tensor blk.63.attn_kv_a_norm.weight
create_tensor: loading tensor blk.63.attn_q_a.weight
create_tensor: loading tensor blk.63.attn_q_b.weight
create_tensor: loading tensor blk.63.attn_kv_a_mqa.weight
create_tensor: loading tensor blk.63.attn_k_b.weight
create_tensor: loading tensor blk.63.attn_v_b.weight
create_tensor: loading tensor blk.63.attn_output.weight
create_tensor: loading tensor blk.63.ffn_norm.weight
create_tensor: loading tensor blk.63.indexer.k_norm.weight
create_tensor: loading tensor blk.63.indexer.k_norm.bias
create_tensor: loading tensor blk.63.indexer.proj.weight
create_tensor: loading tensor blk.63.indexer.attn_k.weight
create_tensor: loading tensor blk.63.indexer.attn_q_b.weight
create_tensor: loading tensor blk.63.ffn_gate_inp.weight
create_tensor: loading tensor blk.63.exp_probs_b.bias
create_tensor: loading tensor blk.63.ffn_gate_exps.weight
create_tensor: loading tensor blk.63.ffn_down_exps.weight
create_tensor: loading tensor blk.63.ffn_up_exps.weight
create_tensor: loading tensor blk.63.ffn_gate_shexp.weight
create_tensor: loading tensor blk.63.ffn_down_shexp.weight
create_tensor: loading tensor blk.63.ffn_up_shexp.weight
create_tensor: loading tensor blk.64.attn_norm.weight
create_tensor: loading tensor blk.64.attn_q_a_norm.weight
create_tensor: loading tensor blk.64.attn_kv_a_norm.weight
create_tensor: loading tensor blk.64.attn_q_a.weight
create_tensor: loading tensor blk.64.attn_q_b.weight
create_tensor: loading tensor blk.64.attn_kv_a_mqa.weight
create_tensor: loading tensor blk.64.attn_k_b.weight
create_tensor: loading tensor blk.64.attn_v_b.weight
create_tensor: loading tensor blk.64.attn_output.weight
create_tensor: loading tensor blk.64.ffn_norm.weight
create_tensor: loading tensor blk.64.indexer.k_norm.weight
create_tensor: loading tensor blk.64.indexer.k_norm.bias
create_tensor: loading tensor blk.64.indexer.proj.weight
create_tensor: loading tensor blk.64.indexer.attn_k.weight
create_tensor: loading tensor blk.64.indexer.attn_q_b.weight
create_tensor: loading tensor blk.64.ffn_gate_inp.weight
create_tensor: loading tensor blk.64.exp_probs_b.bias
create_tensor: loading tensor blk.64.ffn_gate_exps.weight
create_tensor: loading tensor blk.64.ffn_down_exps.weight
create_tensor: loading tensor blk.64.ffn_up_exps.weight
create_tensor: loading tensor blk.64.ffn_gate_shexp.weight
create_tensor: loading tensor blk.64.ffn_down_shexp.weight
create_tensor: loading tensor blk.64.ffn_up_shexp.weight
create_tensor: loading tensor blk.65.attn_norm.weight
create_tensor: loading tensor blk.65.attn_q_a_norm.weight
create_tensor: loading tensor blk.65.attn_kv_a_norm.weight
create_tensor: loading tensor blk.65.attn_q_a.weight
create_tensor: loading tensor blk.65.attn_q_b.weight
create_tensor: loading tensor blk.65.attn_kv_a_mqa.weight
create_tensor: loading tensor blk.65.attn_k_b.weight
create_tensor: loading tensor blk.65.attn_v_b.weight
create_tensor: loading tensor blk.65.attn_output.weight
create_tensor: loading tensor blk.65.ffn_norm.weight
create_tensor: loading tensor blk.65.indexer.k_norm.weight
create_tensor: loading tensor blk.65.indexer.k_norm.bias
create_tensor: loading tensor blk.65.indexer.proj.weight
create_tensor: loading tensor blk.65.indexer.attn_k.weight
create_tensor: loading tensor blk.65.indexer.attn_q_b.weight
create_tensor: loading tensor blk.65.ffn_gate_inp.weight
create_tensor: loading tensor blk.65.exp_probs_b.bias
create_tensor: loading tensor blk.65.ffn_gate_exps.weight
create_tensor: loading tensor blk.65.ffn_down_exps.weight
create_tensor: loading tensor blk.65.ffn_up_exps.weight
create_tensor: loading tensor blk.65.ffn_gate_shexp.weight
create_tensor: loading tensor blk.65.ffn_down_shexp.weight
create_tensor: loading tensor blk.65.ffn_up_shexp.weight
create_tensor: loading tensor blk.66.attn_norm.weight
create_tensor: loading tensor blk.66.attn_q_a_norm.weight
create_tensor: loading tensor blk.66.attn_kv_a_norm.weight
create_tensor: loading tensor blk.66.attn_q_a.weight
create_tensor: loading tensor blk.66.attn_q_b.weight
create_tensor: loading tensor blk.66.attn_kv_a_mqa.weight
create_tensor: loading tensor blk.66.attn_k_b.weight
create_tensor: loading tensor blk.66.attn_v_b.weight
create_tensor: loading tensor blk.66.attn_output.weight
create_tensor: loading tensor blk.66.ffn_norm.weight
create_tensor: loading tensor blk.66.indexer.k_norm.weight
create_tensor: loading tensor blk.66.indexer.k_norm.bias
create_tensor: loading tensor blk.66.indexer.proj.weight
create_tensor: loading tensor blk.66.indexer.attn_k.weight
create_tensor: loading tensor blk.66.indexer.attn_q_b.weight
create_tensor: loading tensor blk.66.ffn_gate_inp.weight
create_tensor: loading tensor blk.66.exp_probs_b.bias
create_tensor: loading tensor blk.66.ffn_gate_exps.weight
create_tensor: loading tensor blk.66.ffn_down_exps.weight
create_tensor: loading tensor blk.66.ffn_up_exps.weight
create_tensor: loading tensor blk.66.ffn_gate_shexp.weight
create_tensor: loading tensor blk.66.ffn_down_shexp.weight
create_tensor: loading tensor blk.66.ffn_up_shexp.weight
create_tensor: loading tensor blk.67.attn_norm.weight
create_tensor: loading tensor blk.67.attn_q_a_norm.weight
create_tensor: loading tensor blk.67.attn_kv_a_norm.weight
create_tensor: loading tensor blk.67.attn_q_a.weight
create_tensor: loading tensor blk.67.attn_q_b.weight
create_tensor: loading tensor blk.67.attn_kv_a_mqa.weight
create_tensor: loading tensor blk.67.attn_k_b.weight
create_tensor: loading tensor blk.67.attn_v_b.weight
create_tensor: loading tensor blk.67.attn_output.weight
create_tensor: loading tensor blk.67.ffn_norm.weight
create_tensor: loading tensor blk.67.indexer.k_norm.weight
create_tensor: loading tensor blk.67.indexer.k_norm.bias
create_tensor: loading tensor blk.67.indexer.proj.weight
create_tensor: loading tensor blk.67.indexer.attn_k.weight
create_tensor: loading tensor blk.67.indexer.attn_q_b.weight
create_tensor: loading tensor blk.67.ffn_gate_inp.weight
create_tensor: loading tensor blk.67.exp_probs_b.bias
create_tensor: loading tensor blk.67.ffn_gate_exps.weight
create_tensor: loading tensor blk.67.ffn_down_exps.weight
create_tensor: loading tensor blk.67.ffn_up_exps.weight
create_tensor: loading tensor blk.67.ffn_gate_shexp.weight
create_tensor: loading tensor blk.67.ffn_down_shexp.weight
create_tensor: loading tensor blk.67.ffn_up_shexp.weight
create_tensor: loading tensor blk.68.attn_norm.weight
create_tensor: loading tensor blk.68.attn_q_a_norm.weight
create_tensor: loading tensor blk.68.attn_kv_a_norm.weight
create_tensor: loading tensor blk.68.attn_q_a.weight
create_tensor: loading tensor blk.68.attn_q_b.weight
create_tensor: loading tensor blk.68.attn_kv_a_mqa.weight
create_tensor: loading tensor blk.68.attn_k_b.weight
create_tensor: loading tensor blk.68.attn_v_b.weight
create_tensor: loading tensor blk.68.attn_output.weight
create_tensor: loading tensor blk.68.ffn_norm.weight
create_tensor: loading tensor blk.68.indexer.k_norm.weight
create_tensor: loading tensor blk.68.indexer.k_norm.bias
create_tensor: loading tensor blk.68.indexer.proj.weight
create_tensor: loading tensor blk.68.indexer.attn_k.weight
create_tensor: loading tensor blk.68.indexer.attn_q_b.weight
create_tensor: loading tensor blk.68.ffn_gate_inp.weight
create_tensor: loading tensor blk.68.exp_probs_b.bias
create_tensor: loading tensor blk.68.ffn_gate_exps.weight
create_tensor: loading tensor blk.68.ffn_down_exps.weight
create_tensor: loading tensor blk.68.ffn_up_exps.weight
create_tensor: loading tensor blk.68.ffn_gate_shexp.weight
create_tensor: loading tensor blk.68.ffn_down_shexp.weight
create_tensor: loading tensor blk.68.ffn_up_shexp.weight
create_tensor: loading tensor blk.69.attn_norm.weight
create_tensor: loading tensor blk.69.attn_q_a_norm.weight
create_tensor: loading tensor blk.69.attn_kv_a_norm.weight
create_tensor: loading tensor blk.69.attn_q_a.weight
create_tensor: loading tensor blk.69.attn_q_b.weight
create_tensor: loading tensor blk.69.attn_kv_a_mqa.weight
create_tensor: loading tensor blk.69.attn_k_b.weight
create_tensor: loading tensor blk.69.attn_v_b.weight
create_tensor: loading tensor blk.69.attn_output.weight
create_tensor: loading tensor blk.69.ffn_norm.weight
create_tensor: loading tensor blk.69.indexer.k_norm.weight
create_tensor: loading tensor blk.69.indexer.k_norm.bias
create_tensor: loading tensor blk.69.indexer.proj.weight
create_tensor: loading tensor blk.69.indexer.attn_k.weight
create_tensor: loading tensor blk.69.indexer.attn_q_b.weight
create_tensor: loading tensor blk.69.ffn_gate_inp.weight
create_tensor: loading tensor blk.69.exp_probs_b.bias
create_tensor: loading tensor blk.69.ffn_gate_exps.weight
create_tensor: loading tensor blk.69.ffn_down_exps.weight
create_tensor: loading tensor blk.69.ffn_up_exps.weight
create_tensor: loading tensor blk.69.ffn_gate_shexp.weight
create_tensor: loading tensor blk.69.ffn_down_shexp.weight
create_tensor: loading tensor blk.69.ffn_up_shexp.weight
create_tensor: loading tensor blk.70.attn_norm.weight
create_tensor: loading tensor blk.70.attn_q_a_norm.weight
create_tensor: loading tensor blk.70.attn_kv_a_norm.weight
create_tensor: loading tensor blk.70.attn_q_a.weight
create_tensor: loading tensor blk.70.attn_q_b.weight
create_tensor: loading tensor blk.70.attn_kv_a_mqa.weight
create_tensor: loading tensor blk.70.attn_k_b.weight
create_tensor: loading tensor blk.70.attn_v_b.weight
create_tensor: loading tensor blk.70.attn_output.weight
create_tensor: loading tensor blk.70.ffn_norm.weight
create_tensor: loading tensor blk.70.indexer.k_norm.weight
create_tensor: loading tensor blk.70.indexer.k_norm.bias
create_tensor: loading tensor blk.70.indexer.proj.weight
create_tensor: loading tensor blk.70.indexer.attn_k.weight
create_tensor: loading tensor blk.70.indexer.attn_q_b.weight
create_tensor: loading tensor blk.70.ffn_gate_inp.weight
create_tensor: loading tensor blk.70.exp_probs_b.bias
create_tensor: loading tensor blk.70.ffn_gate_exps.weight
create_tensor: loading tensor blk.70.ffn_down_exps.weight
create_tensor: loading tensor blk.70.ffn_up_exps.weight
create_tensor: loading tensor blk.70.ffn_gate_shexp.weight
create_tensor: loading tensor blk.70.ffn_down_shexp.weight
create_tensor: loading tensor blk.70.ffn_up_shexp.weight
create_tensor: loading tensor blk.71.attn_norm.weight
create_tensor: loading tensor blk.71.attn_q_a_norm.weight
create_tensor: loading tensor blk.71.attn_kv_a_norm.weight
create_tensor: loading tensor blk.71.attn_q_a.weight
create_tensor: loading tensor blk.71.attn_q_b.weight
create_tensor: loading tensor blk.71.attn_kv_a_mqa.weight
create_tensor: loading tensor blk.71.attn_k_b.weight
create_tensor: loading tensor blk.71.attn_v_b.weight
create_tensor: loading tensor blk.71.attn_output.weight
create_tensor: loading tensor blk.71.ffn_norm.weight
create_tensor: loading tensor blk.71.indexer.k_norm.weight
create_tensor: loading tensor blk.71.indexer.k_norm.bias
create_tensor: loading tensor blk.71.indexer.proj.weight
create_tensor: loading tensor blk.71.indexer.attn_k.weight
create_tensor: loading tensor blk.71.indexer.attn_q_b.weight
create_tensor: loading tensor blk.71.ffn_gate_inp.weight
create_tensor: loading tensor blk.71.exp_probs_b.bias
create_tensor: loading tensor blk.71.ffn_gate_exps.weight
create_tensor: loading tensor blk.71.ffn_down_exps.weight
create_tensor: loading tensor blk.71.ffn_up_exps.weight
create_tensor: loading tensor blk.71.ffn_gate_shexp.weight
create_tensor: loading tensor blk.71.ffn_down_shexp.weight
create_tensor: loading tensor blk.71.ffn_up_shexp.weight
create_tensor: loading tensor blk.72.attn_norm.weight
create_tensor: loading tensor blk.72.attn_q_a_norm.weight
create_tensor: loading tensor blk.72.attn_kv_a_norm.weight
create_tensor: loading tensor blk.72.attn_q_a.weight
create_tensor: loading tensor blk.72.attn_q_b.weight
create_tensor: loading tensor blk.72.attn_kv_a_mqa.weight
create_tensor: loading tensor blk.72.attn_k_b.weight
create_tensor: loading tensor blk.72.attn_v_b.weight
create_tensor: loading tensor blk.72.attn_output.weight
create_tensor: loading tensor blk.72.ffn_norm.weight
create_tensor: loading tensor blk.72.indexer.k_norm.weight
create_tensor: loading tensor blk.72.indexer.k_norm.bias
create_tensor: loading tensor blk.72.indexer.proj.weight
create_tensor: loading tensor blk.72.indexer.attn_k.weight
create_tensor: loading tensor blk.72.indexer.attn_q_b.weight
create_tensor: loading tensor blk.72.ffn_gate_inp.weight
create_tensor: loading tensor blk.72.exp_probs_b.bias
create_tensor: loading tensor blk.72.ffn_gate_exps.weight
create_tensor: loading tensor blk.72.ffn_down_exps.weight
create_tensor: loading tensor blk.72.ffn_up_exps.weight
create_tensor: loading tensor blk.72.ffn_gate_shexp.weight
create_tensor: loading tensor blk.72.ffn_down_shexp.weight
create_tensor: loading tensor blk.72.ffn_up_shexp.weight
create_tensor: loading tensor blk.73.attn_norm.weight
create_tensor: loading tensor blk.73.attn_q_a_norm.weight
create_tensor: loading tensor blk.73.attn_kv_a_norm.weight
create_tensor: loading tensor blk.73.attn_q_a.weight
create_tensor: loading tensor blk.73.attn_q_b.weight
create_tensor: loading tensor blk.73.attn_kv_a_mqa.weight
create_tensor: loading tensor blk.73.attn_k_b.weight
create_tensor: loading tensor blk.73.attn_v_b.weight
create_tensor: loading tensor blk.73.attn_output.weight
create_tensor: loading tensor blk.73.ffn_norm.weight
create_tensor: loading tensor blk.73.indexer.k_norm.weight
create_tensor: loading tensor blk.73.indexer.k_norm.bias
create_tensor: loading tensor blk.73.indexer.proj.weight
create_tensor: loading tensor blk.73.indexer.attn_k.weight
create_tensor: loading tensor blk.73.indexer.attn_q_b.weight
create_tensor: loading tensor blk.73.ffn_gate_inp.weight
create_tensor: loading tensor blk.73.exp_probs_b.bias
create_tensor: loading tensor blk.73.ffn_gate_exps.weight
create_tensor: loading tensor blk.73.ffn_down_exps.weight
create_tensor: loading tensor blk.73.ffn_up_exps.weight
create_tensor: loading tensor blk.73.ffn_gate_shexp.weight
create_tensor: loading tensor blk.73.ffn_down_shexp.weight
create_tensor: loading tensor blk.73.ffn_up_shexp.weight
create_tensor: loading tensor blk.74.attn_norm.weight
create_tensor: loading tensor blk.74.attn_q_a_norm.weight
create_tensor: loading tensor blk.74.attn_kv_a_norm.weight
create_tensor: loading tensor blk.74.attn_q_a.weight
create_tensor: loading tensor blk.74.attn_q_b.weight
create_tensor: loading tensor blk.74.attn_kv_a_mqa.weight
create_tensor: loading tensor blk.74.attn_k_b.weight
create_tensor: loading tensor blk.74.attn_v_b.weight
create_tensor: loading tensor blk.74.attn_output.weight
create_tensor: loading tensor blk.74.ffn_norm.weight
create_tensor: loading tensor blk.74.indexer.k_norm.weight
create_tensor: loading tensor blk.74.indexer.k_norm.bias
create_tensor: loading tensor blk.74.indexer.proj.weight
create_tensor: loading tensor blk.74.indexer.attn_k.weight
create_tensor: loading tensor blk.74.indexer.attn_q_b.weight
create_tensor: loading tensor blk.74.ffn_gate_inp.weight
create_tensor: loading tensor blk.74.exp_probs_b.bias
create_tensor: loading tensor blk.74.ffn_gate_exps.weight
create_tensor: loading tensor blk.74.ffn_down_exps.weight
create_tensor: loading tensor blk.74.ffn_up_exps.weight
create_tensor: loading tensor blk.74.ffn_gate_shexp.weight
create_tensor: loading tensor blk.74.ffn_down_shexp.weight
create_tensor: loading tensor blk.74.ffn_up_shexp.weight
create_tensor: loading tensor blk.75.attn_norm.weight
create_tensor: loading tensor blk.75.attn_q_a_norm.weight
create_tensor: loading tensor blk.75.attn_kv_a_norm.weight
create_tensor: loading tensor blk.75.attn_q_a.weight
create_tensor: loading tensor blk.75.attn_q_b.weight
create_tensor: loading tensor blk.75.attn_kv_a_mqa.weight
create_tensor: loading tensor blk.75.attn_k_b.weight
create_tensor: loading tensor blk.75.attn_v_b.weight
create_tensor: loading tensor blk.75.attn_output.weight
create_tensor: loading tensor blk.75.ffn_norm.weight
create_tensor: loading tensor blk.75.indexer.k_norm.weight
create_tensor: loading tensor blk.75.indexer.k_norm.bias
create_tensor: loading tensor blk.75.indexer.proj.weight
create_tensor: loading tensor blk.75.indexer.attn_k.weight
create_tensor: loading tensor blk.75.indexer.attn_q_b.weight
create_tensor: loading tensor blk.75.ffn_gate_inp.weight
create_tensor: loading tensor blk.75.exp_probs_b.bias
create_tensor: loading tensor blk.75.ffn_gate_exps.weight
create_tensor: loading tensor blk.75.ffn_down_exps.weight
create_tensor: loading tensor blk.75.ffn_up_exps.weight
create_tensor: loading tensor blk.75.ffn_gate_shexp.weight
create_tensor: loading tensor blk.75.ffn_down_shexp.weight
create_tensor: loading tensor blk.75.ffn_up_shexp.weight
create_tensor: loading tensor blk.76.attn_norm.weight
create_tensor: loading tensor blk.76.attn_q_a_norm.weight
create_tensor: loading tensor blk.76.attn_kv_a_norm.weight
create_tensor: loading tensor blk.76.attn_q_a.weight
create_tensor: loading tensor blk.76.attn_q_b.weight
create_tensor: loading tensor blk.76.attn_kv_a_mqa.weight
create_tensor: loading tensor blk.76.attn_k_b.weight
create_tensor: loading tensor blk.76.attn_v_b.weight
create_tensor: loading tensor blk.76.attn_output.weight
create_tensor: loading tensor blk.76.ffn_norm.weight
create_tensor: loading tensor blk.76.indexer.k_norm.weight
create_tensor: loading tensor blk.76.indexer.k_norm.bias
create_tensor: loading tensor blk.76.indexer.proj.weight
create_tensor: loading tensor blk.76.indexer.attn_k.weight
create_tensor: loading tensor blk.76.indexer.attn_q_b.weight
create_tensor: loading tensor blk.76.ffn_gate_inp.weight
create_tensor: loading tensor blk.76.exp_probs_b.bias
create_tensor: loading tensor blk.76.ffn_gate_exps.weight
create_tensor: loading tensor blk.76.ffn_down_exps.weight
create_tensor: loading tensor blk.76.ffn_up_exps.weight
create_tensor: loading tensor blk.76.ffn_gate_shexp.weight
create_tensor: loading tensor blk.76.ffn_down_shexp.weight
create_tensor: loading tensor blk.76.ffn_up_shexp.weight
create_tensor: loading tensor blk.77.attn_norm.weight
create_tensor: loading tensor blk.77.attn_q_a_norm.weight
create_tensor: loading tensor blk.77.attn_kv_a_norm.weight
create_tensor: loading tensor blk.77.attn_q_a.weight
create_tensor: loading tensor blk.77.attn_q_b.weight
create_tensor: loading tensor blk.77.attn_kv_a_mqa.weight
create_tensor: loading tensor blk.77.attn_k_b.weight
create_tensor: loading tensor blk.77.attn_v_b.weight
create_tensor: loading tensor blk.77.attn_output.weight
create_tensor: loading tensor blk.77.ffn_norm.weight
create_tensor: loading tensor blk.77.indexer.k_norm.weight
create_tensor: loading tensor blk.77.indexer.k_norm.bias
create_tensor: loading tensor blk.77.indexer.proj.weight
create_tensor: loading tensor blk.77.indexer.attn_k.weight
create_tensor: loading tensor blk.77.indexer.attn_q_b.weight
create_tensor: loading tensor blk.77.ffn_gate_inp.weight
create_tensor: loading tensor blk.77.exp_probs_b.bias
create_tensor: loading tensor blk.77.ffn_gate_exps.weight
create_tensor: loading tensor blk.77.ffn_down_exps.weight
create_tensor: loading tensor blk.77.ffn_up_exps.weight
create_tensor: loading tensor blk.77.ffn_gate_shexp.weight
create_tensor: loading tensor blk.77.ffn_down_shexp.weight
create_tensor: loading tensor blk.77.ffn_up_shexp.weight
model has unused tensor blk.78.attn_norm.weight (size = 24576 bytes) -- ignoring
model has unused tensor blk.78.attn_q_a_norm.weight (size = 8192 bytes) -- ignoring
model has unused tensor blk.78.attn_kv_a_norm.weight (size = 2048 bytes) -- ignoring
model has unused tensor blk.78.attn_q_a.weight (size = 8650752 bytes) -- ignoring
model has unused tensor blk.78.attn_q_b.weight (size = 35651584 bytes) -- ignoring
model has unused tensor blk.78.attn_kv_a_mqa.weight (size = 3760128 bytes) -- ignoring
model has unused tensor blk.78.attn_k_b.weight (size = 6684672 bytes) -- ignoring
model has unused tensor blk.78.attn_v_b.weight (size = 8912896 bytes) -- ignoring
model has unused tensor blk.78.attn_output.weight (size = 69206016 bytes) -- ignoring
model has unused tensor blk.78.ffn_norm.weight (size = 24576 bytes) -- ignoring
model has unused tensor blk.78.indexer.k_norm.weight (size = 512 bytes) -- ignoring
model has unused tensor blk.78.indexer.k_norm.bias (size = 512 bytes) -- ignoring
model has unused tensor blk.78.indexer.proj.weight (size = 786432 bytes) -- ignoring
model has unused tensor blk.78.indexer.attn_k.weight (size = 835584 bytes) -- ignoring
model has unused tensor blk.78.indexer.attn_q_b.weight (size = 8912896 bytes) -- ignoring
model has unused tensor blk.78.ffn_gate_inp.weight (size = 6291456 bytes) -- ignoring
create_tensor: loading tensor blk.78.exp_probs_b.bias
model has unused tensor blk.78.ffn_gate_exps.weight (size = 1056964608 bytes) -- ignoring
model has unused tensor blk.78.ffn_down_exps.weight (size = 1384120320 bytes) -- ignoring
model has unused tensor blk.78.ffn_up_exps.weight (size = 1056964608 bytes) -- ignoring
model has unused tensor blk.78.ffn_gate_shexp.weight (size = 8650752 bytes) -- ignoring
model has unused tensor blk.78.ffn_down_shexp.weight (size = 10321920 bytes) -- ignoring
model has unused tensor blk.78.ffn_up_shexp.weight (size = 8650752 bytes) -- ignoring
model has unused tensor blk.78.nextn.eh_proj.weight (size = 80216064 bytes) -- ignoring
model has unused tensor blk.78.nextn.enorm.weight (size = 24576 bytes) -- ignoring
model has unused tensor blk.78.nextn.hnorm.weight (size = 24576 bytes) -- ignoring
model has unused tensor blk.78.nextn.shared_head_norm.weight (size = 24576 bytes) -- ignoring
done_getting_tensors: tensor 'token_embd.weight' (q5_K) (and 0 others) cannot be used with preferred buffer type CUDA_Host, using CPU instead
load_tensors: offloading output layer to GPU
load_tensors: offloading 78 repeating layers to GPU
load_tensors: offloaded 80/80 layers to GPU
load_tensors:          CPU model buffer size =     0.00 MiB
load_tensors:        CUDA0 model buffer size =     0.00 MiB
load_tensors:        CUDA1 model buffer size =     0.00 MiB
load_tensors:        CUDA2 model buffer size =     0.00 MiB
load_tensors:        CUDA3 model buffer size =     0.00 MiB
load_tensors:        CUDA4 model buffer size =     0.00 MiB
load_tensors:        CUDA5 model buffer size =     0.00 MiB
load_tensors:        CUDA6 model buffer size =     0.00 MiB
load_tensors:        CUDA7 model buffer size =     0.00 MiB
llama_context: constructing llama_context
llama_context: n_seq_max     = 1
llama_context: n_ctx         = 4096
llama_context: n_ctx_seq     = 4096
llama_context: n_batch       = 512
llama_context: n_ubatch      = 512
llama_context: causal_attn   = 1
llama_context: flash_attn    = enabled
llama_context: kv_unified    = false
llama_context: freq_base     = 8000000.0
llama_context: freq_scale    = 1
llama_context: n_rs_seq      = 0
llama_context: n_outputs_max = 512
llama_context: n_ctx_seq (4096) < n_ctx_train (1048576) -- the full capacity of the model will not be utilized
set_abort_callback: call
llama_context:  CUDA_Host  output buffer size =     0.59 MiB
llama_kv_cache: layer   0: dev = CUDA0
llama_kv_cache: layer   1: dev = CUDA0
llama_kv_cache: layer   2: dev = CUDA0
llama_kv_cache: layer   3: dev = CUDA0
llama_kv_cache: layer   4: dev = CUDA0
llama_kv_cache: layer   5: dev = CUDA0
llama_kv_cache: layer   6: dev = CUDA0
llama_kv_cache: layer   7: dev = CUDA0
llama_kv_cache: layer   8: dev = CUDA0
llama_kv_cache: layer   9: dev = CUDA0
llama_kv_cache: layer  10: dev = CUDA1
llama_kv_cache: layer  11: dev = CUDA1
llama_kv_cache: layer  12: dev = CUDA1
llama_kv_cache: layer  13: dev = CUDA1
llama_kv_cache: layer  14: dev = CUDA1
llama_kv_cache: layer  15: dev = CUDA1
llama_kv_cache: layer  16: dev = CUDA1
llama_kv_cache: layer  17: dev = CUDA1
llama_kv_cache: layer  18: dev = CUDA1
llama_kv_cache: layer  19: dev = CUDA1
llama_kv_cache: layer  20: dev = CUDA2
llama_kv_cache: layer  21: dev = CUDA2
llama_kv_cache: layer  22: dev = CUDA2
llama_kv_cache: layer  23: dev = CUDA2
llama_kv_cache: layer  24: dev = CUDA2
llama_kv_cache: layer  25: dev = CUDA2
llama_kv_cache: layer  26: dev = CUDA2
llama_kv_cache: layer  27: dev = CUDA2
llama_kv_cache: layer  28: dev = CUDA2
llama_kv_cache: layer  29: dev = CUDA2
llama_kv_cache: layer  30: dev = CUDA3
llama_kv_cache: layer  31: dev = CUDA3
llama_kv_cache: layer  32: dev = CUDA3
llama_kv_cache: layer  33: dev = CUDA3
llama_kv_cache: layer  34: dev = CUDA3
llama_kv_cache: layer  35: dev = CUDA3
llama_kv_cache: layer  36: dev = CUDA3
llama_kv_cache: layer  37: dev = CUDA3
llama_kv_cache: layer  38: dev = CUDA3
llama_kv_cache: layer  39: dev = CUDA3
llama_kv_cache: layer  40: dev = CUDA4
llama_kv_cache: layer  41: dev = CUDA4
llama_kv_cache: layer  42: dev = CUDA4
llama_kv_cache: layer  43: dev = CUDA4
llama_kv_cache: layer  44: dev = CUDA4
llama_kv_cache: layer  45: dev = CUDA4
llama_kv_cache: layer  46: dev = CUDA4
llama_kv_cache: layer  47: dev = CUDA4
llama_kv_cache: layer  48: dev = CUDA4
llama_kv_cache: layer  49: dev = CUDA4
llama_kv_cache: layer  50: dev = CUDA5
llama_kv_cache: layer  51: dev = CUDA5
llama_kv_cache: layer  52: dev = CUDA5
llama_kv_cache: layer  53: dev = CUDA5
llama_kv_cache: layer  54: dev = CUDA5
llama_kv_cache: layer  55: dev = CUDA5
llama_kv_cache: layer  56: dev = CUDA5
llama_kv_cache: layer  57: dev = CUDA5
llama_kv_cache: layer  58: dev = CUDA5
llama_kv_cache: layer  59: dev = CUDA5
llama_kv_cache: layer  60: dev = CUDA6
llama_kv_cache: layer  61: dev = CUDA6
llama_kv_cache: layer  62: dev = CUDA6
llama_kv_cache: layer  63: dev = CUDA6
llama_kv_cache: layer  64: dev = CUDA6
llama_kv_cache: layer  65: dev = CUDA6
llama_kv_cache: layer  66: dev = CUDA6
llama_kv_cache: layer  67: dev = CUDA6
llama_kv_cache: layer  68: dev = CUDA6
llama_kv_cache: layer  69: dev = CUDA6
llama_kv_cache: layer  70: dev = CUDA7
llama_kv_cache: layer  71: dev = CUDA7
llama_kv_cache: layer  72: dev = CUDA7
llama_kv_cache: layer  73: dev = CUDA7
llama_kv_cache: layer  74: dev = CUDA7
llama_kv_cache: layer  75: dev = CUDA7
llama_kv_cache: layer  76: dev = CUDA7
llama_kv_cache: layer  77: dev = CUDA7
llama_kv_cache: layer  78: dev = CUDA7
llama_kv_cache:      CUDA0 KV buffer size =     0.00 MiB
llama_kv_cache:      CUDA1 KV buffer size =     0.00 MiB
llama_kv_cache:      CUDA2 KV buffer size =     0.00 MiB
llama_kv_cache:      CUDA3 KV buffer size =     0.00 MiB
llama_kv_cache:      CUDA4 KV buffer size =     0.00 MiB
llama_kv_cache:      CUDA5 KV buffer size =     0.00 MiB
llama_kv_cache:      CUDA6 KV buffer size =     0.00 MiB
llama_kv_cache:      CUDA7 KV buffer size =     0.00 MiB
llama_kv_cache: size =  188.86 MiB (  4096 cells,  79 layers,  1/1 seqs), K (q8_0):  188.86 MiB, V (q8_0):    0.00 MiB
llama_kv_cache: attn_rot_k = 1, n_embd_head_k_all = 576
llama_kv_cache: attn_rot_v = 0, n_embd_head_k_all = 0
llama_context: enumerating backends
llama_context: backend_ptrs.size() = 9
llama_context: pipeline parallelism enabled
sched_reserve: reserving ...
sched_reserve: max_nodes = 14264
sched_reserve: reserving full memory module
sched_reserve: worst-case: n_tokens = 512, n_seqs = 1, n_outputs = 1
resolve_fused_ops: resolving fused Gated Delta Net support:
graph_reserve: reserving a graph for ubatch with n_tokens =    1, n_seqs =  1, n_outputs =    1
resolve_fused_ops: fused Gated Delta Net (autoregressive) enabled
graph_reserve: reserving a graph for ubatch with n_tokens =   16, n_seqs =  1, n_outputs =   16
resolve_fused_ops: fused Gated Delta Net (chunked) enabled
resolve_fused_ops: resolving fused Lightning Indexer support:
graph_reserve: reserving a graph for ubatch with n_tokens =    1, n_seqs =  1, n_outputs =    1
resolve_fused_ops: Lightning Indexer enabled
graph_reserve: reserving a graph for ubatch with n_tokens =  512, n_seqs =  1, n_outputs =  512
graph_reserve: reserving a graph for ubatch with n_tokens =    1, n_seqs =  1, n_outputs =    1
graph_reserve: reserving a graph for ubatch with n_tokens =  512, n_seqs =  1, n_outputs =  512
sched_reserve:      CUDA0 compute buffer size =   288.02 MiB
sched_reserve:      CUDA1 compute buffer size =   348.02 MiB
sched_reserve:      CUDA2 compute buffer size =   348.02 MiB
sched_reserve:      CUDA3 compute buffer size =   348.02 MiB
sched_reserve:      CUDA4 compute buffer size =   348.02 MiB
sched_reserve:      CUDA5 compute buffer size =   348.02 MiB
sched_reserve:      CUDA6 compute buffer size =   348.02 MiB
sched_reserve:      CUDA7 compute buffer size =   450.53 MiB
sched_reserve:  CUDA_Host compute buffer size =    40.04 MiB
sched_reserve: graph nodes  = 6063
sched_reserve: graph splits = 9
sched_reserve: reserve took 43.06 ms, sched copies = 4
llama_model_loader: additional 5 GGUFs metadata loaded.
llama_model_loader: loaded meta data with 69 key-value pairs and 1809 tensors from /work/GLM-5.2-GGUF/UD-IQ2_M/GLM-5.2-UD-IQ2_M-00001-of-00006.gguf (version GGUF V3 (latest))
llama_model_loader: Dumping metadata keys/values. Note: KV overrides do not apply in this output.
llama_model_loader: - kv   0:                       general.architecture str              = glm-dsa
llama_model_loader: - kv   1:                               general.type str              = model
llama_model_loader: - kv   2:                     general.sampling.top_p f32              = 0.950000
llama_model_loader: - kv   3:                      general.sampling.temp f32              = 1.000000
llama_model_loader: - kv   4:                               general.name str              = Glm-5.2
llama_model_loader: - kv   5:                            general.version str              = 5.2
llama_model_loader: - kv   6:                           general.basename str              = Glm-5.2
llama_model_loader: - kv   7:                       general.quantized_by str              = Unsloth
llama_model_loader: - kv   8:                         general.size_label str              = 256x22B
llama_model_loader: - kv   9:                            general.license str              = mit
llama_model_loader: - kv  10:                           general.repo_url str              = https://huggingface.co/unsloth
llama_model_loader: - kv  11:                   general.base_model.count u32              = 1
llama_model_loader: - kv  12:                  general.base_model.0.name str              = GLM 5.2
llama_model_loader: - kv  13:               general.base_model.0.version str              = 5.2
llama_model_loader: - kv  14:          general.base_model.0.organization str              = Zai Org
llama_model_loader: - kv  15:              general.base_model.0.repo_url str              = https://huggingface.co/zai-org/GLM-5.2
llama_model_loader: - kv  16:                               general.tags arr[str,2]       = ["unsloth", "text-generation"]
llama_model_loader: - kv  17:                          general.languages arr[str,2]       = ["en", "zh"]
llama_model_loader: - kv  18:                        glm-dsa.block_count u32              = 79
llama_model_loader: - kv  19:                     glm-dsa.context_length u32              = 1048576
llama_model_loader: - kv  20:                   glm-dsa.embedding_length u32              = 6144
llama_model_loader: - kv  21:                glm-dsa.feed_forward_length u32              = 12288
llama_model_loader: - kv  22:               glm-dsa.attention.head_count u32              = 64
llama_model_loader: - kv  23:            glm-dsa.attention.head_count_kv u32              = 1
llama_model_loader: - kv  24:                     glm-dsa.rope.freq_base f32              = 8000000.000000
llama_model_loader: - kv  25:   glm-dsa.attention.layer_norm_rms_epsilon f32              = 0.000010
llama_model_loader: - kv  26:                       glm-dsa.expert_count u32              = 256
llama_model_loader: - kv  27:                  glm-dsa.expert_used_count u32              = 8
llama_model_loader: - kv  28:                 glm-dsa.expert_group_count u32              = 1
llama_model_loader: - kv  29:            glm-dsa.expert_group_used_count u32              = 1
llama_model_loader: - kv  30:                 glm-dsa.expert_gating_func u32              = 2
llama_model_loader: - kv  31:               glm-dsa.attention.key_length u32              = 576
llama_model_loader: - kv  32:             glm-dsa.attention.value_length u32              = 512
llama_model_loader: - kv  33:          glm-dsa.leading_dense_block_count u32              = 3
llama_model_loader: - kv  34:                         glm-dsa.vocab_size u32              = 154880
llama_model_loader: - kv  35:              glm-dsa.attention.q_lora_rank u32              = 2048
llama_model_loader: - kv  36:             glm-dsa.attention.kv_lora_rank u32              = 512
llama_model_loader: - kv  37:           glm-dsa.attention.key_length_mla u32              = 256
llama_model_loader: - kv  38:         glm-dsa.attention.value_length_mla u32              = 256
llama_model_loader: - kv  39:         glm-dsa.expert_feed_forward_length u32              = 2048
llama_model_loader: - kv  40:                glm-dsa.expert_shared_count u32              = 1
llama_model_loader: - kv  41:               glm-dsa.expert_weights_scale f32              = 2.500000
llama_model_loader: - kv  42:                glm-dsa.expert_weights_norm bool             = true
llama_model_loader: - kv  43:               glm-dsa.rope.dimension_count u32              = 64
llama_model_loader: - kv  44:               glm-dsa.nextn_predict_layers u32              = 1
llama_model_loader: - kv  45:       glm-dsa.attention.indexer.head_count u32              = 32
llama_model_loader: - kv  46:       glm-dsa.attention.indexer.key_length u32              = 128
llama_model_loader: - kv  47:            glm-dsa.attention.indexer.top_k u32              = 2048
llama_model_loader: - kv  48:                       tokenizer.ggml.model str              = gpt2
llama_model_loader: - kv  49:                         tokenizer.ggml.pre str              = glm4
llama_model_loader: - kv  50:                      tokenizer.ggml.tokens arr[str,154880]  = ["!", "\"", "#", "$", "%", "&", "'", ...
llama_model_loader: - kv  51:                  tokenizer.ggml.token_type arr[i32,154880]  = [1, 1, 1, 1, 1, 1, 1, 1, 1, 1, 1, 1, ...
llama_model_loader: - kv  52:                      tokenizer.ggml.merges arr[str,321649]  = ["Ġ Ġ", "Ġ ĠĠĠ", "ĠĠ ĠĠ", "...
llama_model_loader: - kv  53:                tokenizer.ggml.eos_token_id u32              = 154820
llama_model_loader: - kv  54:            tokenizer.ggml.padding_token_id u32              = 154821
llama_model_loader: - kv  55:                tokenizer.ggml.bos_token_id u32              = 154822
llama_model_loader: - kv  56:                tokenizer.ggml.eot_token_id u32              = 154827
llama_model_loader: - kv  57:            tokenizer.ggml.unknown_token_id u32              = 154820
llama_model_loader: - kv  58:                tokenizer.ggml.eom_token_id u32              = 154829
llama_model_loader: - kv  59:                    tokenizer.chat_template str              = [gMASK]<sop>\n{%- set effective_reason...
llama_model_loader: - kv  60:               general.quantization_version u32              = 2
llama_model_loader: - kv  61:                          general.file_type u32              = 29
llama_model_loader: - kv  62:                      quantize.imatrix.file str              = GLM-5.2-GGUF/imatrix_unsloth.gguf
llama_model_loader: - kv  63:                   quantize.imatrix.dataset str              = unsloth_calibration_GLM-5.2.txt
llama_model_loader: - kv  64:             quantize.imatrix.entries_count u32              = 1002
llama_model_loader: - kv  65:              quantize.imatrix.chunks_count u32              = 88
llama_model_loader: - kv  66:                                   split.no u16              = 0
llama_model_loader: - kv  67:                        split.tensors.count i32              = 1809
llama_model_loader: - kv  68:                                split.count u16              = 6
llama_model_loader: - type  f32:  709 tensors
llama_model_loader: - type q8_0:  476 tensors
llama_model_loader: - type q2_K:    2 tensors
llama_model_loader: - type q3_K:    1 tensors
llama_model_loader: - type q4_K:    1 tensors
llama_model_loader: - type q5_K:  313 tensors
llama_model_loader: - type q6_K:   82 tensors
llama_model_loader: - type iq2_xxs:  148 tensors
llama_model_loader: - type iq3_xxs:   71 tensors
llama_model_loader: - type iq2_s:    2 tensors
llama_model_loader: - type iq4_xs:    4 tensors
print_info: file format = GGUF V3 (latest)
print_info: file type   = IQ2_M - 2.7 bpw
print_info: file size   = 222.18 GiB (2.53 BPW) 
llama_prepare_model_devices: using device CUDA0 (NVIDIA GeForce RTX 5090) (0000:01:00.0) - 31597 MiB free
llama_prepare_model_devices: using device CUDA1 (NVIDIA GeForce RTX 5090) (0000:25:00.0) - 31597 MiB free
llama_prepare_model_devices: using device CUDA2 (NVIDIA GeForce RTX 5090) (0000:41:00.0) - 31597 MiB free
llama_prepare_model_devices: using device CUDA3 (NVIDIA GeForce RTX 5090) (0000:61:00.0) - 31597 MiB free
llama_prepare_model_devices: using device CUDA4 (NVIDIA GeForce RTX 5090) (0000:81:00.0) - 31597 MiB free
llama_prepare_model_devices: using device CUDA5 (NVIDIA GeForce RTX 5090) (0000:a1:00.0) - 31597 MiB free
llama_prepare_model_devices: using device CUDA6 (NVIDIA GeForce RTX 5090) (0000:c1:00.0) - 31597 MiB free
llama_prepare_model_devices: using device CUDA7 (NVIDIA GeForce RTX 5090) (0000:e1:00.0) - 31597 MiB free
init_tokenizer: initializing tokenizer for type 2
load: 0 unused tokens
load: control token: 154854 '<|image|>' is not marked as EOG
load: control token: 154853 '<|end_of_box|>' is not marked as EOG
load: control token: 154852 '<|begin_of_box|>' is not marked as EOG
load: control token: 154840 '<|code_suffix|>' is not marked as EOG
load: control token: 154837 '<|end_of_transcription|>' is not marked as EOG
load: control token: 154834 '<|begin_of_audio|>' is not marked as EOG
load: control token: 154833 '<|end_of_video|>' is not marked as EOG
load: control token: 154832 '<|begin_of_video|>' is not marked as EOG
load: control token: 154829 '<|observation|>' is not marked as EOG
load: control token: 154824 '<sop>' is not marked as EOG
load: control token: 154822 '[gMASK]' is not marked as EOG
load: control token: 154821 '[MASK]' is not marked as EOG
load: control token: 154839 '<|code_middle|>' is not marked as EOG
load: control token: 154838 '<|code_prefix|>' is not marked as EOG
load: control token: 154828 '<|assistant|>' is not marked as EOG
load: control token: 154823 '[sMASK]' is not marked as EOG
load: control token: 154825 '<eop>' is not marked as EOG
load: control token: 154826 '<|system|>' is not marked as EOG
load: control token: 154827 '<|user|>' is not marked as EOG
load: control token: 154831 '<|end_of_image|>' is not marked as EOG
load: control token: 154830 '<|begin_of_image|>' is not marked as EOG
load: control token: 154855 '<|video|>' is not marked as EOG
load: control token: 154836 '<|begin_of_transcription|>' is not marked as EOG
load: control token: 154835 '<|end_of_audio|>' is not marked as EOG
load: special_eot_id is not in special_eog_ids - the tokenizer config may be incorrect
load: special_eom_id is not in special_eog_ids - the tokenizer config may be incorrect
load: printing all EOG tokens:
load:   - 154820 ('<|endoftext|>')
load:   - 154827 ('<|user|>')
load:   - 154829 ('<|observation|>')
load: special tokens cache size = 36
load: token to piece cache size = 0.9811 MB
print_info: arch                  = glm-dsa
print_info: vocab_only            = 0
print_info: no_alloc              = 0
print_info: n_ctx_train           = 1048576
print_info: n_embd_inp            = 6144
print_info: n_embd                = 6144
print_info: n_embd_out            = 6144
print_info: n_layer               = 78
print_info: n_layer_all           = 79
print_info: n_head                = 64
print_info: n_head_kv             = 1
print_info: n_rot                 = 64
print_info: n_swa                 = 0
print_info: is_swa_any            = 0
print_info: n_embd_head_k         = 576
print_info: n_embd_head_v         = 512
print_info: n_gqa                 = 64
print_info: n_embd_k_gqa          = 576
print_info: n_embd_v_gqa          = 512
print_info: f_norm_eps            = 0.0e+00
print_info: f_norm_rms_eps        = 1.0e-05
print_info: f_clamp_kqv           = 0.0e+00
print_info: f_max_alibi_bias      = 0.0e+00
print_info: f_logit_scale         = 0.0e+00
print_info: f_attn_scale          = 0.0e+00
print_info: f_attn_value_scale    = 0.0000
print_info: n_ff                  = 12288
print_info: n_expert              = 256
print_info: n_expert_used         = 8
print_info: n_expert_groups       = 1
print_info: n_group_used          = 1
print_info: causal attn           = 1
print_info: pooling type          = -1
print_info: rope type             = 0
print_info: rope scaling          = linear
print_info: freq_base_train       = 8000000.0
print_info: freq_scale_train      = 1
print_info: n_ctx_orig_yarn       = 1048576
print_info: rope_yarn_log_mul     = 0.0000
print_info: rope_finetuned        = unknown
print_info: model type            = ?B
print_info: model params          = 753.86 B
print_info: general.name          = Glm-5.2
print_info: n_layer_dense_lead    = 3
print_info: n_lora_q              = 2048
print_info: n_lora_kv             = 512
print_info: n_embd_head_k_mla     = 256
print_info: n_embd_head_v_mla     = 256
print_info: n_ff_exp              = 2048
print_info: n_expert_shared       = 1
print_info: expert_weights_scale  = 2.5
print_info: expert_weights_norm   = 1
print_info: expert_gating_func    = sigmoid
print_info: vocab type            = BPE
print_info: n_vocab               = 154880
print_info: n_merges              = 321649
print_info: BOS token             = 154822 '[gMASK]'
print_info: EOS token             = 154820 '<|endoftext|>'
print_info: EOT token             = 154827 '<|user|>'
print_info: EOM token             = 154829 '<|observation|>'
print_info: UNK token             = 154820 '<|endoftext|>'
print_info: PAD token             = 154821 '[MASK]'
print_info: LF token              = 198 'Ċ'
print_info: FIM PRE token         = 154838 '<|code_prefix|>'
print_info: FIM SUF token         = 154840 '<|code_suffix|>'
print_info: FIM MID token         = 154839 '<|code_middle|>'
print_info: EOG token             = 154820 '<|endoftext|>'
print_info: EOG token             = 154827 '<|user|>'
print_info: EOG token             = 154829 '<|observation|>'
print_info: max token length      = 1024
load_tensors: loading model tensors, this can take a while... (mmap = true, direct_io = false)
load_tensors: layer   0 assigned to device CUDA0, is_swa = 0
load_tensors: layer   1 assigned to device CUDA0, is_swa = 0
load_tensors: layer   2 assigned to device CUDA0, is_swa = 0
load_tensors: layer   3 assigned to device CUDA0, is_swa = 0
load_tensors: layer   4 assigned to device CUDA0, is_swa = 0
load_tensors: layer   5 assigned to device CUDA0, is_swa = 0
load_tensors: layer   6 assigned to device CUDA0, is_swa = 0
load_tensors: layer   7 assigned to device CUDA0, is_swa = 0
load_tensors: layer   8 assigned to device CUDA0, is_swa = 0
load_tensors: layer   9 assigned to device CUDA0, is_swa = 0
load_tensors: layer  10 assigned to device CUDA1, is_swa = 0
load_tensors: layer  11 assigned to device CUDA1, is_swa = 0
load_tensors: layer  12 assigned to device CUDA1, is_swa = 0
load_tensors: layer  13 assigned to device CUDA1, is_swa = 0
load_tensors: layer  14 assigned to device CUDA1, is_swa = 0
load_tensors: layer  15 assigned to device CUDA1, is_swa = 0
load_tensors: layer  16 assigned to device CUDA1, is_swa = 0
load_tensors: layer  17 assigned to device CUDA1, is_swa = 0
load_tensors: layer  18 assigned to device CUDA1, is_swa = 0
load_tensors: layer  19 assigned to device CUDA1, is_swa = 0
load_tensors: layer  20 assigned to device CUDA2, is_swa = 0
load_tensors: layer  21 assigned to device CUDA2, is_swa = 0
load_tensors: layer  22 assigned to device CUDA2, is_swa = 0
load_tensors: layer  23 assigned to device CUDA2, is_swa = 0
load_tensors: layer  24 assigned to device CUDA2, is_swa = 0
load_tensors: layer  25 assigned to device CUDA2, is_swa = 0
load_tensors: layer  26 assigned to device CUDA2, is_swa = 0
load_tensors: layer  27 assigned to device CUDA2, is_swa = 0
load_tensors: layer  28 assigned to device CUDA2, is_swa = 0
load_tensors: layer  29 assigned to device CUDA2, is_swa = 0
load_tensors: layer  30 assigned to device CUDA3, is_swa = 0
load_tensors: layer  31 assigned to device CUDA3, is_swa = 0
load_tensors: layer  32 assigned to device CUDA3, is_swa = 0
load_tensors: layer  33 assigned to device CUDA3, is_swa = 0
load_tensors: layer  34 assigned to device CUDA3, is_swa = 0
load_tensors: layer  35 assigned to device CUDA3, is_swa = 0
load_tensors: layer  36 assigned to device CUDA3, is_swa = 0
load_tensors: layer  37 assigned to device CUDA3, is_swa = 0
load_tensors: layer  38 assigned to device CUDA3, is_swa = 0
load_tensors: layer  39 assigned to device CUDA3, is_swa = 0
load_tensors: layer  40 assigned to device CUDA4, is_swa = 0
load_tensors: layer  41 assigned to device CUDA4, is_swa = 0
load_tensors: layer  42 assigned to device CUDA4, is_swa = 0
load_tensors: layer  43 assigned to device CUDA4, is_swa = 0
load_tensors: layer  44 assigned to device CUDA4, is_swa = 0
load_tensors: layer  45 assigned to device CUDA4, is_swa = 0
load_tensors: layer  46 assigned to device CUDA4, is_swa = 0
load_tensors: layer  47 assigned to device CUDA4, is_swa = 0
load_tensors: layer  48 assigned to device CUDA4, is_swa = 0
load_tensors: layer  49 assigned to device CUDA4, is_swa = 0
load_tensors: layer  50 assigned to device CUDA5, is_swa = 0
load_tensors: layer  51 assigned to device CUDA5, is_swa = 0
load_tensors: layer  52 assigned to device CUDA5, is_swa = 0
load_tensors: layer  53 assigned to device CUDA5, is_swa = 0
load_tensors: layer  54 assigned to device CUDA5, is_swa = 0
load_tensors: layer  55 assigned to device CUDA5, is_swa = 0
load_tensors: layer  56 assigned to device CUDA5, is_swa = 0
load_tensors: layer  57 assigned to device CUDA5, is_swa = 0
load_tensors: layer  58 assigned to device CUDA5, is_swa = 0
load_tensors: layer  59 assigned to device CUDA5, is_swa = 0
load_tensors: layer  60 assigned to device CUDA6, is_swa = 0
load_tensors: layer  61 assigned to device CUDA6, is_swa = 0
load_tensors: layer  62 assigned to device CUDA6, is_swa = 0
load_tensors: layer  63 assigned to device CUDA6, is_swa = 0
load_tensors: layer  64 assigned to device CUDA6, is_swa = 0
load_tensors: layer  65 assigned to device CUDA6, is_swa = 0
load_tensors: layer  66 assigned to device CUDA6, is_swa = 0
load_tensors: layer  67 assigned to device CUDA6, is_swa = 0
load_tensors: layer  68 assigned to device CUDA6, is_swa = 0
load_tensors: layer  69 assigned to device CUDA6, is_swa = 0
load_tensors: layer  70 assigned to device CUDA7, is_swa = 0
load_tensors: layer  71 assigned to device CUDA7, is_swa = 0
load_tensors: layer  72 assigned to device CUDA7, is_swa = 0
load_tensors: layer  73 assigned to device CUDA7, is_swa = 0
load_tensors: layer  74 assigned to device CUDA7, is_swa = 0
load_tensors: layer  75 assigned to device CUDA7, is_swa = 0
load_tensors: layer  76 assigned to device CUDA7, is_swa = 0
load_tensors: layer  77 assigned to device CUDA7, is_swa = 0
load_tensors: layer  78 assigned to device CUDA7, is_swa = 0
load_tensors: layer  79 assigned to device CUDA7, is_swa = 0
create_tensor: loading tensor token_embd.weight
create_tensor: loading tensor output_norm.weight
create_tensor: loading tensor output.weight
create_tensor: loading tensor blk.0.attn_norm.weight
create_tensor: loading tensor blk.0.attn_q_a_norm.weight
create_tensor: loading tensor blk.0.attn_kv_a_norm.weight
create_tensor: loading tensor blk.0.attn_q_a.weight
create_tensor: loading tensor blk.0.attn_q_b.weight
create_tensor: loading tensor blk.0.attn_kv_a_mqa.weight
create_tensor: loading tensor blk.0.attn_k_b.weight
create_tensor: loading tensor blk.0.attn_v_b.weight
create_tensor: loading tensor blk.0.attn_output.weight
create_tensor: loading tensor blk.0.ffn_norm.weight
create_tensor: loading tensor blk.0.indexer.k_norm.weight
create_tensor: loading tensor blk.0.indexer.k_norm.bias
create_tensor: loading tensor blk.0.indexer.proj.weight
create_tensor: loading tensor blk.0.indexer.attn_k.weight
create_tensor: loading tensor blk.0.indexer.attn_q_b.weight
create_tensor: loading tensor blk.0.ffn_gate.weight
create_tensor: loading tensor blk.0.ffn_down.weight
create_tensor: loading tensor blk.0.ffn_up.weight
create_tensor: loading tensor blk.1.attn_norm.weight
create_tensor: loading tensor blk.1.attn_q_a_norm.weight
create_tensor: loading tensor blk.1.attn_kv_a_norm.weight
create_tensor: loading tensor blk.1.attn_q_a.weight
create_tensor: loading tensor blk.1.attn_q_b.weight
create_tensor: loading tensor blk.1.attn_kv_a_mqa.weight
create_tensor: loading tensor blk.1.attn_k_b.weight
create_tensor: loading tensor blk.1.attn_v_b.weight
create_tensor: loading tensor blk.1.attn_output.weight
create_tensor: loading tensor blk.1.ffn_norm.weight
create_tensor: loading tensor blk.1.indexer.k_norm.weight
create_tensor: loading tensor blk.1.indexer.k_norm.bias
create_tensor: loading tensor blk.1.indexer.proj.weight
create_tensor: loading tensor blk.1.indexer.attn_k.weight
create_tensor: loading tensor blk.1.indexer.attn_q_b.weight
create_tensor: loading tensor blk.1.ffn_gate.weight
create_tensor: loading tensor blk.1.ffn_down.weight
create_tensor: loading tensor blk.1.ffn_up.weight
create_tensor: loading tensor blk.2.attn_norm.weight
create_tensor: loading tensor blk.2.attn_q_a_norm.weight
create_tensor: loading tensor blk.2.attn_kv_a_norm.weight
create_tensor: loading tensor blk.2.attn_q_a.weight
create_tensor: loading tensor blk.2.attn_q_b.weight
create_tensor: loading tensor blk.2.attn_kv_a_mqa.weight
create_tensor: loading tensor blk.2.attn_k_b.weight
create_tensor: loading tensor blk.2.attn_v_b.weight
create_tensor: loading tensor blk.2.attn_output.weight
create_tensor: loading tensor blk.2.ffn_norm.weight
create_tensor: loading tensor blk.2.indexer.k_norm.weight
create_tensor: loading tensor blk.2.indexer.k_norm.bias
create_tensor: loading tensor blk.2.indexer.proj.weight
create_tensor: loading tensor blk.2.indexer.attn_k.weight
create_tensor: loading tensor blk.2.indexer.attn_q_b.weight
create_tensor: loading tensor blk.2.ffn_gate.weight
create_tensor: loading tensor blk.2.ffn_down.weight
create_tensor: loading tensor blk.2.ffn_up.weight
create_tensor: loading tensor blk.3.attn_norm.weight
create_tensor: loading tensor blk.3.attn_q_a_norm.weight
create_tensor: loading tensor blk.3.attn_kv_a_norm.weight
create_tensor: loading tensor blk.3.attn_q_a.weight
create_tensor: loading tensor blk.3.attn_q_b.weight
create_tensor: loading tensor blk.3.attn_kv_a_mqa.weight
create_tensor: loading tensor blk.3.attn_k_b.weight
create_tensor: loading tensor blk.3.attn_v_b.weight
create_tensor: loading tensor blk.3.attn_output.weight
create_tensor: loading tensor blk.3.ffn_norm.weight
create_tensor: loading tensor blk.3.indexer.k_norm.weight
create_tensor: loading tensor blk.3.indexer.k_norm.bias
create_tensor: loading tensor blk.3.indexer.proj.weight
create_tensor: loading tensor blk.3.indexer.attn_k.weight
create_tensor: loading tensor blk.3.indexer.attn_q_b.weight
create_tensor: loading tensor blk.3.ffn_gate_inp.weight
create_tensor: loading tensor blk.3.exp_probs_b.bias
create_tensor: loading tensor blk.3.ffn_gate_exps.weight
create_tensor: loading tensor blk.3.ffn_down_exps.weight
create_tensor: loading tensor blk.3.ffn_up_exps.weight
create_tensor: loading tensor blk.3.ffn_gate_shexp.weight
create_tensor: loading tensor blk.3.ffn_down_shexp.weight
create_tensor: loading tensor blk.3.ffn_up_shexp.weight
create_tensor: loading tensor blk.4.attn_norm.weight
create_tensor: loading tensor blk.4.attn_q_a_norm.weight
create_tensor: loading tensor blk.4.attn_kv_a_norm.weight
create_tensor: loading tensor blk.4.attn_q_a.weight
create_tensor: loading tensor blk.4.attn_q_b.weight
create_tensor: loading tensor blk.4.attn_kv_a_mqa.weight
create_tensor: loading tensor blk.4.attn_k_b.weight
create_tensor: loading tensor blk.4.attn_v_b.weight
create_tensor: loading tensor blk.4.attn_output.weight
create_tensor: loading tensor blk.4.ffn_norm.weight
create_tensor: loading tensor blk.4.indexer.k_norm.weight
create_tensor: loading tensor blk.4.indexer.k_norm.bias
create_tensor: loading tensor blk.4.indexer.proj.weight
create_tensor: loading tensor blk.4.indexer.attn_k.weight
create_tensor: loading tensor blk.4.indexer.attn_q_b.weight
create_tensor: loading tensor blk.4.ffn_gate_inp.weight
create_tensor: loading tensor blk.4.exp_probs_b.bias
create_tensor: loading tensor blk.4.ffn_gate_exps.weight
create_tensor: loading tensor blk.4.ffn_down_exps.weight
create_tensor: loading tensor blk.4.ffn_up_exps.weight
create_tensor: loading tensor blk.4.ffn_gate_shexp.weight
create_tensor: loading tensor blk.4.ffn_down_shexp.weight
create_tensor: loading tensor blk.4.ffn_up_shexp.weight
create_tensor: loading tensor blk.5.attn_norm.weight
create_tensor: loading tensor blk.5.attn_q_a_norm.weight
create_tensor: loading tensor blk.5.attn_kv_a_norm.weight
create_tensor: loading tensor blk.5.attn_q_a.weight
create_tensor: loading tensor blk.5.attn_q_b.weight
create_tensor: loading tensor blk.5.attn_kv_a_mqa.weight
create_tensor: loading tensor blk.5.attn_k_b.weight
create_tensor: loading tensor blk.5.attn_v_b.weight
create_tensor: loading tensor blk.5.attn_output.weight
create_tensor: loading tensor blk.5.ffn_norm.weight
create_tensor: loading tensor blk.5.indexer.k_norm.weight
create_tensor: loading tensor blk.5.indexer.k_norm.bias
create_tensor: loading tensor blk.5.indexer.proj.weight
create_tensor: loading tensor blk.5.indexer.attn_k.weight
create_tensor: loading tensor blk.5.indexer.attn_q_b.weight
create_tensor: loading tensor blk.5.ffn_gate_inp.weight
create_tensor: loading tensor blk.5.exp_probs_b.bias
create_tensor: loading tensor blk.5.ffn_gate_exps.weight
create_tensor: loading tensor blk.5.ffn_down_exps.weight
create_tensor: loading tensor blk.5.ffn_up_exps.weight
create_tensor: loading tensor blk.5.ffn_gate_shexp.weight
create_tensor: loading tensor blk.5.ffn_down_shexp.weight
create_tensor: loading tensor blk.5.ffn_up_shexp.weight
create_tensor: loading tensor blk.6.attn_norm.weight
create_tensor: loading tensor blk.6.attn_q_a_norm.weight
create_tensor: loading tensor blk.6.attn_kv_a_norm.weight
create_tensor: loading tensor blk.6.attn_q_a.weight
create_tensor: loading tensor blk.6.attn_q_b.weight
create_tensor: loading tensor blk.6.attn_kv_a_mqa.weight
create_tensor: loading tensor blk.6.attn_k_b.weight
create_tensor: loading tensor blk.6.attn_v_b.weight
create_tensor: loading tensor blk.6.attn_output.weight
create_tensor: loading tensor blk.6.ffn_norm.weight
create_tensor: loading tensor blk.6.indexer.k_norm.weight
create_tensor: loading tensor blk.6.indexer.k_norm.bias
create_tensor: loading tensor blk.6.indexer.proj.weight
create_tensor: loading tensor blk.6.indexer.attn_k.weight
create_tensor: loading tensor blk.6.indexer.attn_q_b.weight
create_tensor: loading tensor blk.6.ffn_gate_inp.weight
create_tensor: loading tensor blk.6.exp_probs_b.bias
create_tensor: loading tensor blk.6.ffn_gate_exps.weight
create_tensor: loading tensor blk.6.ffn_down_exps.weight
create_tensor: loading tensor blk.6.ffn_up_exps.weight
create_tensor: loading tensor blk.6.ffn_gate_shexp.weight
create_tensor: loading tensor blk.6.ffn_down_shexp.weight
create_tensor: loading tensor blk.6.ffn_up_shexp.weight
create_tensor: loading tensor blk.7.attn_norm.weight
create_tensor: loading tensor blk.7.attn_q_a_norm.weight
create_tensor: loading tensor blk.7.attn_kv_a_norm.weight
create_tensor: loading tensor blk.7.attn_q_a.weight
create_tensor: loading tensor blk.7.attn_q_b.weight
create_tensor: loading tensor blk.7.attn_kv_a_mqa.weight
create_tensor: loading tensor blk.7.attn_k_b.weight
create_tensor: loading tensor blk.7.attn_v_b.weight
create_tensor: loading tensor blk.7.attn_output.weight
create_tensor: loading tensor blk.7.ffn_norm.weight
create_tensor: loading tensor blk.7.indexer.k_norm.weight
create_tensor: loading tensor blk.7.indexer.k_norm.bias
create_tensor: loading tensor blk.7.indexer.proj.weight
create_tensor: loading tensor blk.7.indexer.attn_k.weight
create_tensor: loading tensor blk.7.indexer.attn_q_b.weight
create_tensor: loading tensor blk.7.ffn_gate_inp.weight
create_tensor: loading tensor blk.7.exp_probs_b.bias
create_tensor: loading tensor blk.7.ffn_gate_exps.weight
create_tensor: loading tensor blk.7.ffn_down_exps.weight
create_tensor: loading tensor blk.7.ffn_up_exps.weight
create_tensor: loading tensor blk.7.ffn_gate_shexp.weight
create_tensor: loading tensor blk.7.ffn_down_shexp.weight
create_tensor: loading tensor blk.7.ffn_up_shexp.weight
create_tensor: loading tensor blk.8.attn_norm.weight
create_tensor: loading tensor blk.8.attn_q_a_norm.weight
create_tensor: loading tensor blk.8.attn_kv_a_norm.weight
create_tensor: loading tensor blk.8.attn_q_a.weight
create_tensor: loading tensor blk.8.attn_q_b.weight
create_tensor: loading tensor blk.8.attn_kv_a_mqa.weight
create_tensor: loading tensor blk.8.attn_k_b.weight
create_tensor: loading tensor blk.8.attn_v_b.weight
create_tensor: loading tensor blk.8.attn_output.weight
create_tensor: loading tensor blk.8.ffn_norm.weight
create_tensor: loading tensor blk.8.indexer.k_norm.weight
create_tensor: loading tensor blk.8.indexer.k_norm.bias
create_tensor: loading tensor blk.8.indexer.proj.weight
create_tensor: loading tensor blk.8.indexer.attn_k.weight
create_tensor: loading tensor blk.8.indexer.attn_q_b.weight
create_tensor: loading tensor blk.8.ffn_gate_inp.weight
create_tensor: loading tensor blk.8.exp_probs_b.bias
create_tensor: loading tensor blk.8.ffn_gate_exps.weight
create_tensor: loading tensor blk.8.ffn_down_exps.weight
create_tensor: loading tensor blk.8.ffn_up_exps.weight
create_tensor: loading tensor blk.8.ffn_gate_shexp.weight
create_tensor: loading tensor blk.8.ffn_down_shexp.weight
create_tensor: loading tensor blk.8.ffn_up_shexp.weight
create_tensor: loading tensor blk.9.attn_norm.weight
create_tensor: loading tensor blk.9.attn_q_a_norm.weight
create_tensor: loading tensor blk.9.attn_kv_a_norm.weight
create_tensor: loading tensor blk.9.attn_q_a.weight
create_tensor: loading tensor blk.9.attn_q_b.weight
create_tensor: loading tensor blk.9.attn_kv_a_mqa.weight
create_tensor: loading tensor blk.9.attn_k_b.weight
create_tensor: loading tensor blk.9.attn_v_b.weight
create_tensor: loading tensor blk.9.attn_output.weight
create_tensor: loading tensor blk.9.ffn_norm.weight
create_tensor: loading tensor blk.9.indexer.k_norm.weight
create_tensor: loading tensor blk.9.indexer.k_norm.bias
create_tensor: loading tensor blk.9.indexer.proj.weight
create_tensor: loading tensor blk.9.indexer.attn_k.weight
create_tensor: loading tensor blk.9.indexer.attn_q_b.weight
create_tensor: loading tensor blk.9.ffn_gate_inp.weight
create_tensor: loading tensor blk.9.exp_probs_b.bias
create_tensor: loading tensor blk.9.ffn_gate_exps.weight
create_tensor: loading tensor blk.9.ffn_down_exps.weight
create_tensor: loading tensor blk.9.ffn_up_exps.weight
create_tensor: loading tensor blk.9.ffn_gate_shexp.weight
create_tensor: loading tensor blk.9.ffn_down_shexp.weight
create_tensor: loading tensor blk.9.ffn_up_shexp.weight
create_tensor: loading tensor blk.10.attn_norm.weight
create_tensor: loading tensor blk.10.attn_q_a_norm.weight
create_tensor: loading tensor blk.10.attn_kv_a_norm.weight
create_tensor: loading tensor blk.10.attn_q_a.weight
create_tensor: loading tensor blk.10.attn_q_b.weight
create_tensor: loading tensor blk.10.attn_kv_a_mqa.weight
create_tensor: loading tensor blk.10.attn_k_b.weight
create_tensor: loading tensor blk.10.attn_v_b.weight
create_tensor: loading tensor blk.10.attn_output.weight
create_tensor: loading tensor blk.10.ffn_norm.weight
create_tensor: loading tensor blk.10.indexer.k_norm.weight
create_tensor: loading tensor blk.10.indexer.k_norm.bias
create_tensor: loading tensor blk.10.indexer.proj.weight
create_tensor: loading tensor blk.10.indexer.attn_k.weight
create_tensor: loading tensor blk.10.indexer.attn_q_b.weight
create_tensor: loading tensor blk.10.ffn_gate_inp.weight
create_tensor: loading tensor blk.10.exp_probs_b.bias
create_tensor: loading tensor blk.10.ffn_gate_exps.weight
create_tensor: loading tensor blk.10.ffn_down_exps.weight
create_tensor: loading tensor blk.10.ffn_up_exps.weight
create_tensor: loading tensor blk.10.ffn_gate_shexp.weight
create_tensor: loading tensor blk.10.ffn_down_shexp.weight
create_tensor: loading tensor blk.10.ffn_up_shexp.weight
create_tensor: loading tensor blk.11.attn_norm.weight
create_tensor: loading tensor blk.11.attn_q_a_norm.weight
create_tensor: loading tensor blk.11.attn_kv_a_norm.weight
create_tensor: loading tensor blk.11.attn_q_a.weight
create_tensor: loading tensor blk.11.attn_q_b.weight
create_tensor: loading tensor blk.11.attn_kv_a_mqa.weight
create_tensor: loading tensor blk.11.attn_k_b.weight
create_tensor: loading tensor blk.11.attn_v_b.weight
create_tensor: loading tensor blk.11.attn_output.weight
create_tensor: loading tensor blk.11.ffn_norm.weight
create_tensor: loading tensor blk.11.indexer.k_norm.weight
create_tensor: loading tensor blk.11.indexer.k_norm.bias
create_tensor: loading tensor blk.11.indexer.proj.weight
create_tensor: loading tensor blk.11.indexer.attn_k.weight
create_tensor: loading tensor blk.11.indexer.attn_q_b.weight
create_tensor: loading tensor blk.11.ffn_gate_inp.weight
create_tensor: loading tensor blk.11.exp_probs_b.bias
create_tensor: loading tensor blk.11.ffn_gate_exps.weight
create_tensor: loading tensor blk.11.ffn_down_exps.weight
create_tensor: loading tensor blk.11.ffn_up_exps.weight
create_tensor: loading tensor blk.11.ffn_gate_shexp.weight
create_tensor: loading tensor blk.11.ffn_down_shexp.weight
create_tensor: loading tensor blk.11.ffn_up_shexp.weight
create_tensor: loading tensor blk.12.attn_norm.weight
create_tensor: loading tensor blk.12.attn_q_a_norm.weight
create_tensor: loading tensor blk.12.attn_kv_a_norm.weight
create_tensor: loading tensor blk.12.attn_q_a.weight
create_tensor: loading tensor blk.12.attn_q_b.weight
create_tensor: loading tensor blk.12.attn_kv_a_mqa.weight
create_tensor: loading tensor blk.12.attn_k_b.weight
create_tensor: loading tensor blk.12.attn_v_b.weight
create_tensor: loading tensor blk.12.attn_output.weight
create_tensor: loading tensor blk.12.ffn_norm.weight
create_tensor: loading tensor blk.12.indexer.k_norm.weight
create_tensor: loading tensor blk.12.indexer.k_norm.bias
create_tensor: loading tensor blk.12.indexer.proj.weight
create_tensor: loading tensor blk.12.indexer.attn_k.weight
create_tensor: loading tensor blk.12.indexer.attn_q_b.weight
create_tensor: loading tensor blk.12.ffn_gate_inp.weight
create_tensor: loading tensor blk.12.exp_probs_b.bias
create_tensor: loading tensor blk.12.ffn_gate_exps.weight
create_tensor: loading tensor blk.12.ffn_down_exps.weight
create_tensor: loading tensor blk.12.ffn_up_exps.weight
create_tensor: loading tensor blk.12.ffn_gate_shexp.weight
create_tensor: loading tensor blk.12.ffn_down_shexp.weight
create_tensor: loading tensor blk.12.ffn_up_shexp.weight
create_tensor: loading tensor blk.13.attn_norm.weight
create_tensor: loading tensor blk.13.attn_q_a_norm.weight
create_tensor: loading tensor blk.13.attn_kv_a_norm.weight
create_tensor: loading tensor blk.13.attn_q_a.weight
create_tensor: loading tensor blk.13.attn_q_b.weight
create_tensor: loading tensor blk.13.attn_kv_a_mqa.weight
create_tensor: loading tensor blk.13.attn_k_b.weight
create_tensor: loading tensor blk.13.attn_v_b.weight
create_tensor: loading tensor blk.13.attn_output.weight
create_tensor: loading tensor blk.13.ffn_norm.weight
create_tensor: loading tensor blk.13.indexer.k_norm.weight
create_tensor: loading tensor blk.13.indexer.k_norm.bias
create_tensor: loading tensor blk.13.indexer.proj.weight
create_tensor: loading tensor blk.13.indexer.attn_k.weight
create_tensor: loading tensor blk.13.indexer.attn_q_b.weight
create_tensor: loading tensor blk.13.ffn_gate_inp.weight
create_tensor: loading tensor blk.13.exp_probs_b.bias
create_tensor: loading tensor blk.13.ffn_gate_exps.weight
create_tensor: loading tensor blk.13.ffn_down_exps.weight
create_tensor: loading tensor blk.13.ffn_up_exps.weight
create_tensor: loading tensor blk.13.ffn_gate_shexp.weight
create_tensor: loading tensor blk.13.ffn_down_shexp.weight
create_tensor: loading tensor blk.13.ffn_up_shexp.weight
create_tensor: loading tensor blk.14.attn_norm.weight
create_tensor: loading tensor blk.14.attn_q_a_norm.weight
create_tensor: loading tensor blk.14.attn_kv_a_norm.weight
create_tensor: loading tensor blk.14.attn_q_a.weight
create_tensor: loading tensor blk.14.attn_q_b.weight
create_tensor: loading tensor blk.14.attn_kv_a_mqa.weight
create_tensor: loading tensor blk.14.attn_k_b.weight
create_tensor: loading tensor blk.14.attn_v_b.weight
create_tensor: loading tensor blk.14.attn_output.weight
create_tensor: loading tensor blk.14.ffn_norm.weight
create_tensor: loading tensor blk.14.indexer.k_norm.weight
create_tensor: loading tensor blk.14.indexer.k_norm.bias
create_tensor: loading tensor blk.14.indexer.proj.weight
create_tensor: loading tensor blk.14.indexer.attn_k.weight
create_tensor: loading tensor blk.14.indexer.attn_q_b.weight
create_tensor: loading tensor blk.14.ffn_gate_inp.weight
create_tensor: loading tensor blk.14.exp_probs_b.bias
create_tensor: loading tensor blk.14.ffn_gate_exps.weight
create_tensor: loading tensor blk.14.ffn_down_exps.weight
create_tensor: loading tensor blk.14.ffn_up_exps.weight
create_tensor: loading tensor blk.14.ffn_gate_shexp.weight
create_tensor: loading tensor blk.14.ffn_down_shexp.weight
create_tensor: loading tensor blk.14.ffn_up_shexp.weight
create_tensor: loading tensor blk.15.attn_norm.weight
create_tensor: loading tensor blk.15.attn_q_a_norm.weight
create_tensor: loading tensor blk.15.attn_kv_a_norm.weight
create_tensor: loading tensor blk.15.attn_q_a.weight
create_tensor: loading tensor blk.15.attn_q_b.weight
create_tensor: loading tensor blk.15.attn_kv_a_mqa.weight
create_tensor: loading tensor blk.15.attn_k_b.weight
create_tensor: loading tensor blk.15.attn_v_b.weight
create_tensor: loading tensor blk.15.attn_output.weight
create_tensor: loading tensor blk.15.ffn_norm.weight
create_tensor: loading tensor blk.15.indexer.k_norm.weight
create_tensor: loading tensor blk.15.indexer.k_norm.bias
create_tensor: loading tensor blk.15.indexer.proj.weight
create_tensor: loading tensor blk.15.indexer.attn_k.weight
create_tensor: loading tensor blk.15.indexer.attn_q_b.weight
create_tensor: loading tensor blk.15.ffn_gate_inp.weight
create_tensor: loading tensor blk.15.exp_probs_b.bias
create_tensor: loading tensor blk.15.ffn_gate_exps.weight
create_tensor: loading tensor blk.15.ffn_down_exps.weight
create_tensor: loading tensor blk.15.ffn_up_exps.weight
create_tensor: loading tensor blk.15.ffn_gate_shexp.weight
create_tensor: loading tensor blk.15.ffn_down_shexp.weight
create_tensor: loading tensor blk.15.ffn_up_shexp.weight
create_tensor: loading tensor blk.16.attn_norm.weight
create_tensor: loading tensor blk.16.attn_q_a_norm.weight
create_tensor: loading tensor blk.16.attn_kv_a_norm.weight
create_tensor: loading tensor blk.16.attn_q_a.weight
create_tensor: loading tensor blk.16.attn_q_b.weight
create_tensor: loading tensor blk.16.attn_kv_a_mqa.weight
create_tensor: loading tensor blk.16.attn_k_b.weight
create_tensor: loading tensor blk.16.attn_v_b.weight
create_tensor: loading tensor blk.16.attn_output.weight
create_tensor: loading tensor blk.16.ffn_norm.weight
create_tensor: loading tensor blk.16.indexer.k_norm.weight
create_tensor: loading tensor blk.16.indexer.k_norm.bias
create_tensor: loading tensor blk.16.indexer.proj.weight
create_tensor: loading tensor blk.16.indexer.attn_k.weight
create_tensor: loading tensor blk.16.indexer.attn_q_b.weight
create_tensor: loading tensor blk.16.ffn_gate_inp.weight
create_tensor: loading tensor blk.16.exp_probs_b.bias
create_tensor: loading tensor blk.16.ffn_gate_exps.weight
create_tensor: loading tensor blk.16.ffn_down_exps.weight
create_tensor: loading tensor blk.16.ffn_up_exps.weight
create_tensor: loading tensor blk.16.ffn_gate_shexp.weight
create_tensor: loading tensor blk.16.ffn_down_shexp.weight
create_tensor: loading tensor blk.16.ffn_up_shexp.weight
create_tensor: loading tensor blk.17.attn_norm.weight
create_tensor: loading tensor blk.17.attn_q_a_norm.weight
create_tensor: loading tensor blk.17.attn_kv_a_norm.weight
create_tensor: loading tensor blk.17.attn_q_a.weight
create_tensor: loading tensor blk.17.attn_q_b.weight
create_tensor: loading tensor blk.17.attn_kv_a_mqa.weight
create_tensor: loading tensor blk.17.attn_k_b.weight
create_tensor: loading tensor blk.17.attn_v_b.weight
create_tensor: loading tensor blk.17.attn_output.weight
create_tensor: loading tensor blk.17.ffn_norm.weight
create_tensor: loading tensor blk.17.indexer.k_norm.weight
create_tensor: loading tensor blk.17.indexer.k_norm.bias
create_tensor: loading tensor blk.17.indexer.proj.weight
create_tensor: loading tensor blk.17.indexer.attn_k.weight
create_tensor: loading tensor blk.17.indexer.attn_q_b.weight
create_tensor: loading tensor blk.17.ffn_gate_inp.weight
create_tensor: loading tensor blk.17.exp_probs_b.bias
create_tensor: loading tensor blk.17.ffn_gate_exps.weight
create_tensor: loading tensor blk.17.ffn_down_exps.weight
create_tensor: loading tensor blk.17.ffn_up_exps.weight
create_tensor: loading tensor blk.17.ffn_gate_shexp.weight
create_tensor: loading tensor blk.17.ffn_down_shexp.weight
create_tensor: loading tensor blk.17.ffn_up_shexp.weight
create_tensor: loading tensor blk.18.attn_norm.weight
create_tensor: loading tensor blk.18.attn_q_a_norm.weight
create_tensor: loading tensor blk.18.attn_kv_a_norm.weight
create_tensor: loading tensor blk.18.attn_q_a.weight
create_tensor: loading tensor blk.18.attn_q_b.weight
create_tensor: loading tensor blk.18.attn_kv_a_mqa.weight
create_tensor: loading tensor blk.18.attn_k_b.weight
create_tensor: loading tensor blk.18.attn_v_b.weight
create_tensor: loading tensor blk.18.attn_output.weight
create_tensor: loading tensor blk.18.ffn_norm.weight
create_tensor: loading tensor blk.18.indexer.k_norm.weight
create_tensor: loading tensor blk.18.indexer.k_norm.bias
create_tensor: loading tensor blk.18.indexer.proj.weight
create_tensor: loading tensor blk.18.indexer.attn_k.weight
create_tensor: loading tensor blk.18.indexer.attn_q_b.weight
create_tensor: loading tensor blk.18.ffn_gate_inp.weight
create_tensor: loading tensor blk.18.exp_probs_b.bias
create_tensor: loading tensor blk.18.ffn_gate_exps.weight
create_tensor: loading tensor blk.18.ffn_down_exps.weight
create_tensor: loading tensor blk.18.ffn_up_exps.weight
create_tensor: loading tensor blk.18.ffn_gate_shexp.weight
create_tensor: loading tensor blk.18.ffn_down_shexp.weight
create_tensor: loading tensor blk.18.ffn_up_shexp.weight
create_tensor: loading tensor blk.19.attn_norm.weight
create_tensor: loading tensor blk.19.attn_q_a_norm.weight
create_tensor: loading tensor blk.19.attn_kv_a_norm.weight
create_tensor: loading tensor blk.19.attn_q_a.weight
create_tensor: loading tensor blk.19.attn_q_b.weight
create_tensor: loading tensor blk.19.attn_kv_a_mqa.weight
create_tensor: loading tensor blk.19.attn_k_b.weight
create_tensor: loading tensor blk.19.attn_v_b.weight
create_tensor: loading tensor blk.19.attn_output.weight
create_tensor: loading tensor blk.19.ffn_norm.weight
create_tensor: loading tensor blk.19.indexer.k_norm.weight
create_tensor: loading tensor blk.19.indexer.k_norm.bias
create_tensor: loading tensor blk.19.indexer.proj.weight
create_tensor: loading tensor blk.19.indexer.attn_k.weight
create_tensor: loading tensor blk.19.indexer.attn_q_b.weight
create_tensor: loading tensor blk.19.ffn_gate_inp.weight
create_tensor: loading tensor blk.19.exp_probs_b.bias
create_tensor: loading tensor blk.19.ffn_gate_exps.weight
create_tensor: loading tensor blk.19.ffn_down_exps.weight
create_tensor: loading tensor blk.19.ffn_up_exps.weight
create_tensor: loading tensor blk.19.ffn_gate_shexp.weight
create_tensor: loading tensor blk.19.ffn_down_shexp.weight
create_tensor: loading tensor blk.19.ffn_up_shexp.weight
create_tensor: loading tensor blk.20.attn_norm.weight
create_tensor: loading tensor blk.20.attn_q_a_norm.weight
create_tensor: loading tensor blk.20.attn_kv_a_norm.weight
create_tensor: loading tensor blk.20.attn_q_a.weight
create_tensor: loading tensor blk.20.attn_q_b.weight
create_tensor: loading tensor blk.20.attn_kv_a_mqa.weight
create_tensor: loading tensor blk.20.attn_k_b.weight
create_tensor: loading tensor blk.20.attn_v_b.weight
create_tensor: loading tensor blk.20.attn_output.weight
create_tensor: loading tensor blk.20.ffn_norm.weight
create_tensor: loading tensor blk.20.indexer.k_norm.weight
create_tensor: loading tensor blk.20.indexer.k_norm.bias
create_tensor: loading tensor blk.20.indexer.proj.weight
create_tensor: loading tensor blk.20.indexer.attn_k.weight
create_tensor: loading tensor blk.20.indexer.attn_q_b.weight
create_tensor: loading tensor blk.20.ffn_gate_inp.weight
create_tensor: loading tensor blk.20.exp_probs_b.bias
create_tensor: loading tensor blk.20.ffn_gate_exps.weight
create_tensor: loading tensor blk.20.ffn_down_exps.weight
create_tensor: loading tensor blk.20.ffn_up_exps.weight
create_tensor: loading tensor blk.20.ffn_gate_shexp.weight
create_tensor: loading tensor blk.20.ffn_down_shexp.weight
create_tensor: loading tensor blk.20.ffn_up_shexp.weight
create_tensor: loading tensor blk.21.attn_norm.weight
create_tensor: loading tensor blk.21.attn_q_a_norm.weight
create_tensor: loading tensor blk.21.attn_kv_a_norm.weight
create_tensor: loading tensor blk.21.attn_q_a.weight
create_tensor: loading tensor blk.21.attn_q_b.weight
create_tensor: loading tensor blk.21.attn_kv_a_mqa.weight
create_tensor: loading tensor blk.21.attn_k_b.weight
create_tensor: loading tensor blk.21.attn_v_b.weight
create_tensor: loading tensor blk.21.attn_output.weight
create_tensor: loading tensor blk.21.ffn_norm.weight
create_tensor: loading tensor blk.21.indexer.k_norm.weight
create_tensor: loading tensor blk.21.indexer.k_norm.bias
create_tensor: loading tensor blk.21.indexer.proj.weight
create_tensor: loading tensor blk.21.indexer.attn_k.weight
create_tensor: loading tensor blk.21.indexer.attn_q_b.weight
create_tensor: loading tensor blk.21.ffn_gate_inp.weight
create_tensor: loading tensor blk.21.exp_probs_b.bias
create_tensor: loading tensor blk.21.ffn_gate_exps.weight
create_tensor: loading tensor blk.21.ffn_down_exps.weight
create_tensor: loading tensor blk.21.ffn_up_exps.weight
create_tensor: loading tensor blk.21.ffn_gate_shexp.weight
create_tensor: loading tensor blk.21.ffn_down_shexp.weight
create_tensor: loading tensor blk.21.ffn_up_shexp.weight
create_tensor: loading tensor blk.22.attn_norm.weight
create_tensor: loading tensor blk.22.attn_q_a_norm.weight
create_tensor: loading tensor blk.22.attn_kv_a_norm.weight
create_tensor: loading tensor blk.22.attn_q_a.weight
create_tensor: loading tensor blk.22.attn_q_b.weight
create_tensor: loading tensor blk.22.attn_kv_a_mqa.weight
create_tensor: loading tensor blk.22.attn_k_b.weight
create_tensor: loading tensor blk.22.attn_v_b.weight
create_tensor: loading tensor blk.22.attn_output.weight
create_tensor: loading tensor blk.22.ffn_norm.weight
create_tensor: loading tensor blk.22.indexer.k_norm.weight
create_tensor: loading tensor blk.22.indexer.k_norm.bias
create_tensor: loading tensor blk.22.indexer.proj.weight
create_tensor: loading tensor blk.22.indexer.attn_k.weight
create_tensor: loading tensor blk.22.indexer.attn_q_b.weight
create_tensor: loading tensor blk.22.ffn_gate_inp.weight
create_tensor: loading tensor blk.22.exp_probs_b.bias
create_tensor: loading tensor blk.22.ffn_gate_exps.weight
create_tensor: loading tensor blk.22.ffn_down_exps.weight
create_tensor: loading tensor blk.22.ffn_up_exps.weight
create_tensor: loading tensor blk.22.ffn_gate_shexp.weight
create_tensor: loading tensor blk.22.ffn_down_shexp.weight
create_tensor: loading tensor blk.22.ffn_up_shexp.weight
create_tensor: loading tensor blk.23.attn_norm.weight
create_tensor: loading tensor blk.23.attn_q_a_norm.weight
create_tensor: loading tensor blk.23.attn_kv_a_norm.weight
create_tensor: loading tensor blk.23.attn_q_a.weight
create_tensor: loading tensor blk.23.attn_q_b.weight
create_tensor: loading tensor blk.23.attn_kv_a_mqa.weight
create_tensor: loading tensor blk.23.attn_k_b.weight
create_tensor: loading tensor blk.23.attn_v_b.weight
create_tensor: loading tensor blk.23.attn_output.weight
create_tensor: loading tensor blk.23.ffn_norm.weight
create_tensor: loading tensor blk.23.indexer.k_norm.weight
create_tensor: loading tensor blk.23.indexer.k_norm.bias
create_tensor: loading tensor blk.23.indexer.proj.weight
create_tensor: loading tensor blk.23.indexer.attn_k.weight
create_tensor: loading tensor blk.23.indexer.attn_q_b.weight
create_tensor: loading tensor blk.23.ffn_gate_inp.weight
create_tensor: loading tensor blk.23.exp_probs_b.bias
create_tensor: loading tensor blk.23.ffn_gate_exps.weight
create_tensor: loading tensor blk.23.ffn_down_exps.weight
create_tensor: loading tensor blk.23.ffn_up_exps.weight
create_tensor: loading tensor blk.23.ffn_gate_shexp.weight
create_tensor: loading tensor blk.23.ffn_down_shexp.weight
create_tensor: loading tensor blk.23.ffn_up_shexp.weight
create_tensor: loading tensor blk.24.attn_norm.weight
create_tensor: loading tensor blk.24.attn_q_a_norm.weight
create_tensor: loading tensor blk.24.attn_kv_a_norm.weight
create_tensor: loading tensor blk.24.attn_q_a.weight
create_tensor: loading tensor blk.24.attn_q_b.weight
create_tensor: loading tensor blk.24.attn_kv_a_mqa.weight
create_tensor: loading tensor blk.24.attn_k_b.weight
create_tensor: loading tensor blk.24.attn_v_b.weight
create_tensor: loading tensor blk.24.attn_output.weight
create_tensor: loading tensor blk.24.ffn_norm.weight
create_tensor: loading tensor blk.24.indexer.k_norm.weight
create_tensor: loading tensor blk.24.indexer.k_norm.bias
create_tensor: loading tensor blk.24.indexer.proj.weight
create_tensor: loading tensor blk.24.indexer.attn_k.weight
create_tensor: loading tensor blk.24.indexer.attn_q_b.weight
create_tensor: loading tensor blk.24.ffn_gate_inp.weight
create_tensor: loading tensor blk.24.exp_probs_b.bias
create_tensor: loading tensor blk.24.ffn_gate_exps.weight
create_tensor: loading tensor blk.24.ffn_down_exps.weight
create_tensor: loading tensor blk.24.ffn_up_exps.weight
create_tensor: loading tensor blk.24.ffn_gate_shexp.weight
create_tensor: loading tensor blk.24.ffn_down_shexp.weight
create_tensor: loading tensor blk.24.ffn_up_shexp.weight
create_tensor: loading tensor blk.25.attn_norm.weight
create_tensor: loading tensor blk.25.attn_q_a_norm.weight
create_tensor: loading tensor blk.25.attn_kv_a_norm.weight
create_tensor: loading tensor blk.25.attn_q_a.weight
create_tensor: loading tensor blk.25.attn_q_b.weight
create_tensor: loading tensor blk.25.attn_kv_a_mqa.weight
create_tensor: loading tensor blk.25.attn_k_b.weight
create_tensor: loading tensor blk.25.attn_v_b.weight
create_tensor: loading tensor blk.25.attn_output.weight
create_tensor: loading tensor blk.25.ffn_norm.weight
create_tensor: loading tensor blk.25.indexer.k_norm.weight
create_tensor: loading tensor blk.25.indexer.k_norm.bias
create_tensor: loading tensor blk.25.indexer.proj.weight
create_tensor: loading tensor blk.25.indexer.attn_k.weight
create_tensor: loading tensor blk.25.indexer.attn_q_b.weight
create_tensor: loading tensor blk.25.ffn_gate_inp.weight
create_tensor: loading tensor blk.25.exp_probs_b.bias
create_tensor: loading tensor blk.25.ffn_gate_exps.weight
create_tensor: loading tensor blk.25.ffn_down_exps.weight
create_tensor: loading tensor blk.25.ffn_up_exps.weight
create_tensor: loading tensor blk.25.ffn_gate_shexp.weight
create_tensor: loading tensor blk.25.ffn_down_shexp.weight
create_tensor: loading tensor blk.25.ffn_up_shexp.weight
create_tensor: loading tensor blk.26.attn_norm.weight
create_tensor: loading tensor blk.26.attn_q_a_norm.weight
create_tensor: loading tensor blk.26.attn_kv_a_norm.weight
create_tensor: loading tensor blk.26.attn_q_a.weight
create_tensor: loading tensor blk.26.attn_q_b.weight
create_tensor: loading tensor blk.26.attn_kv_a_mqa.weight
create_tensor: loading tensor blk.26.attn_k_b.weight
create_tensor: loading tensor blk.26.attn_v_b.weight
create_tensor: loading tensor blk.26.attn_output.weight
create_tensor: loading tensor blk.26.ffn_norm.weight
create_tensor: loading tensor blk.26.indexer.k_norm.weight
create_tensor: loading tensor blk.26.indexer.k_norm.bias
create_tensor: loading tensor blk.26.indexer.proj.weight
create_tensor: loading tensor blk.26.indexer.attn_k.weight
create_tensor: loading tensor blk.26.indexer.attn_q_b.weight
create_tensor: loading tensor blk.26.ffn_gate_inp.weight
create_tensor: loading tensor blk.26.exp_probs_b.bias
create_tensor: loading tensor blk.26.ffn_gate_exps.weight
create_tensor: loading tensor blk.26.ffn_down_exps.weight
create_tensor: loading tensor blk.26.ffn_up_exps.weight
create_tensor: loading tensor blk.26.ffn_gate_shexp.weight
create_tensor: loading tensor blk.26.ffn_down_shexp.weight
create_tensor: loading tensor blk.26.ffn_up_shexp.weight
create_tensor: loading tensor blk.27.attn_norm.weight
create_tensor: loading tensor blk.27.attn_q_a_norm.weight
create_tensor: loading tensor blk.27.attn_kv_a_norm.weight
create_tensor: loading tensor blk.27.attn_q_a.weight
create_tensor: loading tensor blk.27.attn_q_b.weight
create_tensor: loading tensor blk.27.attn_kv_a_mqa.weight
create_tensor: loading tensor blk.27.attn_k_b.weight
create_tensor: loading tensor blk.27.attn_v_b.weight
create_tensor: loading tensor blk.27.attn_output.weight
create_tensor: loading tensor blk.27.ffn_norm.weight
create_tensor: loading tensor blk.27.indexer.k_norm.weight
create_tensor: loading tensor blk.27.indexer.k_norm.bias
create_tensor: loading tensor blk.27.indexer.proj.weight
create_tensor: loading tensor blk.27.indexer.attn_k.weight
create_tensor: loading tensor blk.27.indexer.attn_q_b.weight
create_tensor: loading tensor blk.27.ffn_gate_inp.weight
create_tensor: loading tensor blk.27.exp_probs_b.bias
create_tensor: loading tensor blk.27.ffn_gate_exps.weight
create_tensor: loading tensor blk.27.ffn_down_exps.weight
create_tensor: loading tensor blk.27.ffn_up_exps.weight
create_tensor: loading tensor blk.27.ffn_gate_shexp.weight
create_tensor: loading tensor blk.27.ffn_down_shexp.weight
create_tensor: loading tensor blk.27.ffn_up_shexp.weight
create_tensor: loading tensor blk.28.attn_norm.weight
create_tensor: loading tensor blk.28.attn_q_a_norm.weight
create_tensor: loading tensor blk.28.attn_kv_a_norm.weight
create_tensor: loading tensor blk.28.attn_q_a.weight
create_tensor: loading tensor blk.28.attn_q_b.weight
create_tensor: loading tensor blk.28.attn_kv_a_mqa.weight
create_tensor: loading tensor blk.28.attn_k_b.weight
create_tensor: loading tensor blk.28.attn_v_b.weight
create_tensor: loading tensor blk.28.attn_output.weight
create_tensor: loading tensor blk.28.ffn_norm.weight
create_tensor: loading tensor blk.28.indexer.k_norm.weight
create_tensor: loading tensor blk.28.indexer.k_norm.bias
create_tensor: loading tensor blk.28.indexer.proj.weight
create_tensor: loading tensor blk.28.indexer.attn_k.weight
create_tensor: loading tensor blk.28.indexer.attn_q_b.weight
create_tensor: loading tensor blk.28.ffn_gate_inp.weight
create_tensor: loading tensor blk.28.exp_probs_b.bias
create_tensor: loading tensor blk.28.ffn_gate_exps.weight
create_tensor: loading tensor blk.28.ffn_down_exps.weight
create_tensor: loading tensor blk.28.ffn_up_exps.weight
create_tensor: loading tensor blk.28.ffn_gate_shexp.weight
create_tensor: loading tensor blk.28.ffn_down_shexp.weight
create_tensor: loading tensor blk.28.ffn_up_shexp.weight
create_tensor: loading tensor blk.29.attn_norm.weight
create_tensor: loading tensor blk.29.attn_q_a_norm.weight
create_tensor: loading tensor blk.29.attn_kv_a_norm.weight
create_tensor: loading tensor blk.29.attn_q_a.weight
create_tensor: loading tensor blk.29.attn_q_b.weight
create_tensor: loading tensor blk.29.attn_kv_a_mqa.weight
create_tensor: loading tensor blk.29.attn_k_b.weight
create_tensor: loading tensor blk.29.attn_v_b.weight
create_tensor: loading tensor blk.29.attn_output.weight
create_tensor: loading tensor blk.29.ffn_norm.weight
create_tensor: loading tensor blk.29.indexer.k_norm.weight
create_tensor: loading tensor blk.29.indexer.k_norm.bias
create_tensor: loading tensor blk.29.indexer.proj.weight
create_tensor: loading tensor blk.29.indexer.attn_k.weight
create_tensor: loading tensor blk.29.indexer.attn_q_b.weight
create_tensor: loading tensor blk.29.ffn_gate_inp.weight
create_tensor: loading tensor blk.29.exp_probs_b.bias
create_tensor: loading tensor blk.29.ffn_gate_exps.weight
create_tensor: loading tensor blk.29.ffn_down_exps.weight
create_tensor: loading tensor blk.29.ffn_up_exps.weight
create_tensor: loading tensor blk.29.ffn_gate_shexp.weight
create_tensor: loading tensor blk.29.ffn_down_shexp.weight
create_tensor: loading tensor blk.29.ffn_up_shexp.weight
create_tensor: loading tensor blk.30.attn_norm.weight
create_tensor: loading tensor blk.30.attn_q_a_norm.weight
create_tensor: loading tensor blk.30.attn_kv_a_norm.weight
create_tensor: loading tensor blk.30.attn_q_a.weight
create_tensor: loading tensor blk.30.attn_q_b.weight
create_tensor: loading tensor blk.30.attn_kv_a_mqa.weight
create_tensor: loading tensor blk.30.attn_k_b.weight
create_tensor: loading tensor blk.30.attn_v_b.weight
create_tensor: loading tensor blk.30.attn_output.weight
create_tensor: loading tensor blk.30.ffn_norm.weight
create_tensor: loading tensor blk.30.indexer.k_norm.weight
create_tensor: loading tensor blk.30.indexer.k_norm.bias
create_tensor: loading tensor blk.30.indexer.proj.weight
create_tensor: loading tensor blk.30.indexer.attn_k.weight
create_tensor: loading tensor blk.30.indexer.attn_q_b.weight
create_tensor: loading tensor blk.30.ffn_gate_inp.weight
create_tensor: loading tensor blk.30.exp_probs_b.bias
create_tensor: loading tensor blk.30.ffn_gate_exps.weight
create_tensor: loading tensor blk.30.ffn_down_exps.weight
create_tensor: loading tensor blk.30.ffn_up_exps.weight
create_tensor: loading tensor blk.30.ffn_gate_shexp.weight
create_tensor: loading tensor blk.30.ffn_down_shexp.weight
create_tensor: loading tensor blk.30.ffn_up_shexp.weight
create_tensor: loading tensor blk.31.attn_norm.weight
create_tensor: loading tensor blk.31.attn_q_a_norm.weight
create_tensor: loading tensor blk.31.attn_kv_a_norm.weight
create_tensor: loading tensor blk.31.attn_q_a.weight
create_tensor: loading tensor blk.31.attn_q_b.weight
create_tensor: loading tensor blk.31.attn_kv_a_mqa.weight
create_tensor: loading tensor blk.31.attn_k_b.weight
create_tensor: loading tensor blk.31.attn_v_b.weight
create_tensor: loading tensor blk.31.attn_output.weight
create_tensor: loading tensor blk.31.ffn_norm.weight
create_tensor: loading tensor blk.31.indexer.k_norm.weight
create_tensor: loading tensor blk.31.indexer.k_norm.bias
create_tensor: loading tensor blk.31.indexer.proj.weight
create_tensor: loading tensor blk.31.indexer.attn_k.weight
create_tensor: loading tensor blk.31.indexer.attn_q_b.weight
create_tensor: loading tensor blk.31.ffn_gate_inp.weight
create_tensor: loading tensor blk.31.exp_probs_b.bias
create_tensor: loading tensor blk.31.ffn_gate_exps.weight
create_tensor: loading tensor blk.31.ffn_down_exps.weight
create_tensor: loading tensor blk.31.ffn_up_exps.weight
create_tensor: loading tensor blk.31.ffn_gate_shexp.weight
create_tensor: loading tensor blk.31.ffn_down_shexp.weight
create_tensor: loading tensor blk.31.ffn_up_shexp.weight
create_tensor: loading tensor blk.32.attn_norm.weight
create_tensor: loading tensor blk.32.attn_q_a_norm.weight
create_tensor: loading tensor blk.32.attn_kv_a_norm.weight
create_tensor: loading tensor blk.32.attn_q_a.weight
create_tensor: loading tensor blk.32.attn_q_b.weight
create_tensor: loading tensor blk.32.attn_kv_a_mqa.weight
create_tensor: loading tensor blk.32.attn_k_b.weight
create_tensor: loading tensor blk.32.attn_v_b.weight
create_tensor: loading tensor blk.32.attn_output.weight
create_tensor: loading tensor blk.32.ffn_norm.weight
create_tensor: loading tensor blk.32.indexer.k_norm.weight
create_tensor: loading tensor blk.32.indexer.k_norm.bias
create_tensor: loading tensor blk.32.indexer.proj.weight
create_tensor: loading tensor blk.32.indexer.attn_k.weight
create_tensor: loading tensor blk.32.indexer.attn_q_b.weight
create_tensor: loading tensor blk.32.ffn_gate_inp.weight
create_tensor: loading tensor blk.32.exp_probs_b.bias
create_tensor: loading tensor blk.32.ffn_gate_exps.weight
create_tensor: loading tensor blk.32.ffn_down_exps.weight
create_tensor: loading tensor blk.32.ffn_up_exps.weight
create_tensor: loading tensor blk.32.ffn_gate_shexp.weight
create_tensor: loading tensor blk.32.ffn_down_shexp.weight
create_tensor: loading tensor blk.32.ffn_up_shexp.weight
create_tensor: loading tensor blk.33.attn_norm.weight
create_tensor: loading tensor blk.33.attn_q_a_norm.weight
create_tensor: loading tensor blk.33.attn_kv_a_norm.weight
create_tensor: loading tensor blk.33.attn_q_a.weight
create_tensor: loading tensor blk.33.attn_q_b.weight
create_tensor: loading tensor blk.33.attn_kv_a_mqa.weight
create_tensor: loading tensor blk.33.attn_k_b.weight
create_tensor: loading tensor blk.33.attn_v_b.weight
create_tensor: loading tensor blk.33.attn_output.weight
create_tensor: loading tensor blk.33.ffn_norm.weight
create_tensor: loading tensor blk.33.indexer.k_norm.weight
create_tensor: loading tensor blk.33.indexer.k_norm.bias
create_tensor: loading tensor blk.33.indexer.proj.weight
create_tensor: loading tensor blk.33.indexer.attn_k.weight
create_tensor: loading tensor blk.33.indexer.attn_q_b.weight
create_tensor: loading tensor blk.33.ffn_gate_inp.weight
create_tensor: loading tensor blk.33.exp_probs_b.bias
create_tensor: loading tensor blk.33.ffn_gate_exps.weight
create_tensor: loading tensor blk.33.ffn_down_exps.weight
create_tensor: loading tensor blk.33.ffn_up_exps.weight
create_tensor: loading tensor blk.33.ffn_gate_shexp.weight
create_tensor: loading tensor blk.33.ffn_down_shexp.weight
create_tensor: loading tensor blk.33.ffn_up_shexp.weight
create_tensor: loading tensor blk.34.attn_norm.weight
create_tensor: loading tensor blk.34.attn_q_a_norm.weight
create_tensor: loading tensor blk.34.attn_kv_a_norm.weight
create_tensor: loading tensor blk.34.attn_q_a.weight
create_tensor: loading tensor blk.34.attn_q_b.weight
create_tensor: loading tensor blk.34.attn_kv_a_mqa.weight
create_tensor: loading tensor blk.34.attn_k_b.weight
create_tensor: loading tensor blk.34.attn_v_b.weight
create_tensor: loading tensor blk.34.attn_output.weight
create_tensor: loading tensor blk.34.ffn_norm.weight
create_tensor: loading tensor blk.34.indexer.k_norm.weight
create_tensor: loading tensor blk.34.indexer.k_norm.bias
create_tensor: loading tensor blk.34.indexer.proj.weight
create_tensor: loading tensor blk.34.indexer.attn_k.weight
create_tensor: loading tensor blk.34.indexer.attn_q_b.weight
create_tensor: loading tensor blk.34.ffn_gate_inp.weight
create_tensor: loading tensor blk.34.exp_probs_b.bias
create_tensor: loading tensor blk.34.ffn_gate_exps.weight
create_tensor: loading tensor blk.34.ffn_down_exps.weight
create_tensor: loading tensor blk.34.ffn_up_exps.weight
create_tensor: loading tensor blk.34.ffn_gate_shexp.weight
create_tensor: loading tensor blk.34.ffn_down_shexp.weight
create_tensor: loading tensor blk.34.ffn_up_shexp.weight
create_tensor: loading tensor blk.35.attn_norm.weight
create_tensor: loading tensor blk.35.attn_q_a_norm.weight
create_tensor: loading tensor blk.35.attn_kv_a_norm.weight
create_tensor: loading tensor blk.35.attn_q_a.weight
create_tensor: loading tensor blk.35.attn_q_b.weight
create_tensor: loading tensor blk.35.attn_kv_a_mqa.weight
create_tensor: loading tensor blk.35.attn_k_b.weight
create_tensor: loading tensor blk.35.attn_v_b.weight
create_tensor: loading tensor blk.35.attn_output.weight
create_tensor: loading tensor blk.35.ffn_norm.weight
create_tensor: loading tensor blk.35.indexer.k_norm.weight
create_tensor: loading tensor blk.35.indexer.k_norm.bias
create_tensor: loading tensor blk.35.indexer.proj.weight
create_tensor: loading tensor blk.35.indexer.attn_k.weight
create_tensor: loading tensor blk.35.indexer.attn_q_b.weight
create_tensor: loading tensor blk.35.ffn_gate_inp.weight
create_tensor: loading tensor blk.35.exp_probs_b.bias
create_tensor: loading tensor blk.35.ffn_gate_exps.weight
create_tensor: loading tensor blk.35.ffn_down_exps.weight
create_tensor: loading tensor blk.35.ffn_up_exps.weight
create_tensor: loading tensor blk.35.ffn_gate_shexp.weight
create_tensor: loading tensor blk.35.ffn_down_shexp.weight
create_tensor: loading tensor blk.35.ffn_up_shexp.weight
create_tensor: loading tensor blk.36.attn_norm.weight
create_tensor: loading tensor blk.36.attn_q_a_norm.weight
create_tensor: loading tensor blk.36.attn_kv_a_norm.weight
create_tensor: loading tensor blk.36.attn_q_a.weight
create_tensor: loading tensor blk.36.attn_q_b.weight
create_tensor: loading tensor blk.36.attn_kv_a_mqa.weight
create_tensor: loading tensor blk.36.attn_k_b.weight
create_tensor: loading tensor blk.36.attn_v_b.weight
create_tensor: loading tensor blk.36.attn_output.weight
create_tensor: loading tensor blk.36.ffn_norm.weight
create_tensor: loading tensor blk.36.indexer.k_norm.weight
create_tensor: loading tensor blk.36.indexer.k_norm.bias
create_tensor: loading tensor blk.36.indexer.proj.weight
create_tensor: loading tensor blk.36.indexer.attn_k.weight
create_tensor: loading tensor blk.36.indexer.attn_q_b.weight
create_tensor: loading tensor blk.36.ffn_gate_inp.weight
create_tensor: loading tensor blk.36.exp_probs_b.bias
create_tensor: loading tensor blk.36.ffn_gate_exps.weight
create_tensor: loading tensor blk.36.ffn_down_exps.weight
create_tensor: loading tensor blk.36.ffn_up_exps.weight
create_tensor: loading tensor blk.36.ffn_gate_shexp.weight
create_tensor: loading tensor blk.36.ffn_down_shexp.weight
create_tensor: loading tensor blk.36.ffn_up_shexp.weight
create_tensor: loading tensor blk.37.attn_norm.weight
create_tensor: loading tensor blk.37.attn_q_a_norm.weight
create_tensor: loading tensor blk.37.attn_kv_a_norm.weight
create_tensor: loading tensor blk.37.attn_q_a.weight
create_tensor: loading tensor blk.37.attn_q_b.weight
create_tensor: loading tensor blk.37.attn_kv_a_mqa.weight
create_tensor: loading tensor blk.37.attn_k_b.weight
create_tensor: loading tensor blk.37.attn_v_b.weight
create_tensor: loading tensor blk.37.attn_output.weight
create_tensor: loading tensor blk.37.ffn_norm.weight
create_tensor: loading tensor blk.37.indexer.k_norm.weight
create_tensor: loading tensor blk.37.indexer.k_norm.bias
create_tensor: loading tensor blk.37.indexer.proj.weight
create_tensor: loading tensor blk.37.indexer.attn_k.weight
create_tensor: loading tensor blk.37.indexer.attn_q_b.weight
create_tensor: loading tensor blk.37.ffn_gate_inp.weight
create_tensor: loading tensor blk.37.exp_probs_b.bias
create_tensor: loading tensor blk.37.ffn_gate_exps.weight
create_tensor: loading tensor blk.37.ffn_down_exps.weight
create_tensor: loading tensor blk.37.ffn_up_exps.weight
create_tensor: loading tensor blk.37.ffn_gate_shexp.weight
create_tensor: loading tensor blk.37.ffn_down_shexp.weight
create_tensor: loading tensor blk.37.ffn_up_shexp.weight
create_tensor: loading tensor blk.38.attn_norm.weight
create_tensor: loading tensor blk.38.attn_q_a_norm.weight
create_tensor: loading tensor blk.38.attn_kv_a_norm.weight
create_tensor: loading tensor blk.38.attn_q_a.weight
create_tensor: loading tensor blk.38.attn_q_b.weight
create_tensor: loading tensor blk.38.attn_kv_a_mqa.weight
create_tensor: loading tensor blk.38.attn_k_b.weight
create_tensor: loading tensor blk.38.attn_v_b.weight
create_tensor: loading tensor blk.38.attn_output.weight
create_tensor: loading tensor blk.38.ffn_norm.weight
create_tensor: loading tensor blk.38.indexer.k_norm.weight
create_tensor: loading tensor blk.38.indexer.k_norm.bias
create_tensor: loading tensor blk.38.indexer.proj.weight
create_tensor: loading tensor blk.38.indexer.attn_k.weight
create_tensor: loading tensor blk.38.indexer.attn_q_b.weight
create_tensor: loading tensor blk.38.ffn_gate_inp.weight
create_tensor: loading tensor blk.38.exp_probs_b.bias
create_tensor: loading tensor blk.38.ffn_gate_exps.weight
create_tensor: loading tensor blk.38.ffn_down_exps.weight
create_tensor: loading tensor blk.38.ffn_up_exps.weight
create_tensor: loading tensor blk.38.ffn_gate_shexp.weight
create_tensor: loading tensor blk.38.ffn_down_shexp.weight
create_tensor: loading tensor blk.38.ffn_up_shexp.weight
create_tensor: loading tensor blk.39.attn_norm.weight
create_tensor: loading tensor blk.39.attn_q_a_norm.weight
create_tensor: loading tensor blk.39.attn_kv_a_norm.weight
create_tensor: loading tensor blk.39.attn_q_a.weight
create_tensor: loading tensor blk.39.attn_q_b.weight
create_tensor: loading tensor blk.39.attn_kv_a_mqa.weight
create_tensor: loading tensor blk.39.attn_k_b.weight
create_tensor: loading tensor blk.39.attn_v_b.weight
create_tensor: loading tensor blk.39.attn_output.weight
create_tensor: loading tensor blk.39.ffn_norm.weight
create_tensor: loading tensor blk.39.indexer.k_norm.weight
create_tensor: loading tensor blk.39.indexer.k_norm.bias
create_tensor: loading tensor blk.39.indexer.proj.weight
create_tensor: loading tensor blk.39.indexer.attn_k.weight
create_tensor: loading tensor blk.39.indexer.attn_q_b.weight
create_tensor: loading tensor blk.39.ffn_gate_inp.weight
create_tensor: loading tensor blk.39.exp_probs_b.bias
create_tensor: loading tensor blk.39.ffn_gate_exps.weight
create_tensor: loading tensor blk.39.ffn_down_exps.weight
create_tensor: loading tensor blk.39.ffn_up_exps.weight
create_tensor: loading tensor blk.39.ffn_gate_shexp.weight
create_tensor: loading tensor blk.39.ffn_down_shexp.weight
create_tensor: loading tensor blk.39.ffn_up_shexp.weight
create_tensor: loading tensor blk.40.attn_norm.weight
create_tensor: loading tensor blk.40.attn_q_a_norm.weight
create_tensor: loading tensor blk.40.attn_kv_a_norm.weight
create_tensor: loading tensor blk.40.attn_q_a.weight
create_tensor: loading tensor blk.40.attn_q_b.weight
create_tensor: loading tensor blk.40.attn_kv_a_mqa.weight
create_tensor: loading tensor blk.40.attn_k_b.weight
create_tensor: loading tensor blk.40.attn_v_b.weight
create_tensor: loading tensor blk.40.attn_output.weight
create_tensor: loading tensor blk.40.ffn_norm.weight
create_tensor: loading tensor blk.40.indexer.k_norm.weight
create_tensor: loading tensor blk.40.indexer.k_norm.bias
create_tensor: loading tensor blk.40.indexer.proj.weight
create_tensor: loading tensor blk.40.indexer.attn_k.weight
create_tensor: loading tensor blk.40.indexer.attn_q_b.weight
create_tensor: loading tensor blk.40.ffn_gate_inp.weight
create_tensor: loading tensor blk.40.exp_probs_b.bias
create_tensor: loading tensor blk.40.ffn_gate_exps.weight
create_tensor: loading tensor blk.40.ffn_down_exps.weight
create_tensor: loading tensor blk.40.ffn_up_exps.weight
create_tensor: loading tensor blk.40.ffn_gate_shexp.weight
create_tensor: loading tensor blk.40.ffn_down_shexp.weight
create_tensor: loading tensor blk.40.ffn_up_shexp.weight
create_tensor: loading tensor blk.41.attn_norm.weight
create_tensor: loading tensor blk.41.attn_q_a_norm.weight
create_tensor: loading tensor blk.41.attn_kv_a_norm.weight
create_tensor: loading tensor blk.41.attn_q_a.weight
create_tensor: loading tensor blk.41.attn_q_b.weight
create_tensor: loading tensor blk.41.attn_kv_a_mqa.weight
create_tensor: loading tensor blk.41.attn_k_b.weight
create_tensor: loading tensor blk.41.attn_v_b.weight
create_tensor: loading tensor blk.41.attn_output.weight
create_tensor: loading tensor blk.41.ffn_norm.weight
create_tensor: loading tensor blk.41.indexer.k_norm.weight
create_tensor: loading tensor blk.41.indexer.k_norm.bias
create_tensor: loading tensor blk.41.indexer.proj.weight
create_tensor: loading tensor blk.41.indexer.attn_k.weight
create_tensor: loading tensor blk.41.indexer.attn_q_b.weight
create_tensor: loading tensor blk.41.ffn_gate_inp.weight
create_tensor: loading tensor blk.41.exp_probs_b.bias
create_tensor: loading tensor blk.41.ffn_gate_exps.weight
create_tensor: loading tensor blk.41.ffn_down_exps.weight
create_tensor: loading tensor blk.41.ffn_up_exps.weight
create_tensor: loading tensor blk.41.ffn_gate_shexp.weight
create_tensor: loading tensor blk.41.ffn_down_shexp.weight
create_tensor: loading tensor blk.41.ffn_up_shexp.weight
create_tensor: loading tensor blk.42.attn_norm.weight
create_tensor: loading tensor blk.42.attn_q_a_norm.weight
create_tensor: loading tensor blk.42.attn_kv_a_norm.weight
create_tensor: loading tensor blk.42.attn_q_a.weight
create_tensor: loading tensor blk.42.attn_q_b.weight
create_tensor: loading tensor blk.42.attn_kv_a_mqa.weight
create_tensor: loading tensor blk.42.attn_k_b.weight
create_tensor: loading tensor blk.42.attn_v_b.weight
create_tensor: loading tensor blk.42.attn_output.weight
create_tensor: loading tensor blk.42.ffn_norm.weight
create_tensor: loading tensor blk.42.indexer.k_norm.weight
create_tensor: loading tensor blk.42.indexer.k_norm.bias
create_tensor: loading tensor blk.42.indexer.proj.weight
create_tensor: loading tensor blk.42.indexer.attn_k.weight
create_tensor: loading tensor blk.42.indexer.attn_q_b.weight
create_tensor: loading tensor blk.42.ffn_gate_inp.weight
create_tensor: loading tensor blk.42.exp_probs_b.bias
create_tensor: loading tensor blk.42.ffn_gate_exps.weight
create_tensor: loading tensor blk.42.ffn_down_exps.weight
create_tensor: loading tensor blk.42.ffn_up_exps.weight
create_tensor: loading tensor blk.42.ffn_gate_shexp.weight
create_tensor: loading tensor blk.42.ffn_down_shexp.weight
create_tensor: loading tensor blk.42.ffn_up_shexp.weight
create_tensor: loading tensor blk.43.attn_norm.weight
create_tensor: loading tensor blk.43.attn_q_a_norm.weight
create_tensor: loading tensor blk.43.attn_kv_a_norm.weight
create_tensor: loading tensor blk.43.attn_q_a.weight
create_tensor: loading tensor blk.43.attn_q_b.weight
create_tensor: loading tensor blk.43.attn_kv_a_mqa.weight
create_tensor: loading tensor blk.43.attn_k_b.weight
create_tensor: loading tensor blk.43.attn_v_b.weight
create_tensor: loading tensor blk.43.attn_output.weight
create_tensor: loading tensor blk.43.ffn_norm.weight
create_tensor: loading tensor blk.43.indexer.k_norm.weight
create_tensor: loading tensor blk.43.indexer.k_norm.bias
create_tensor: loading tensor blk.43.indexer.proj.weight
create_tensor: loading tensor blk.43.indexer.attn_k.weight
create_tensor: loading tensor blk.43.indexer.attn_q_b.weight
create_tensor: loading tensor blk.43.ffn_gate_inp.weight
create_tensor: loading tensor blk.43.exp_probs_b.bias
create_tensor: loading tensor blk.43.ffn_gate_exps.weight
create_tensor: loading tensor blk.43.ffn_down_exps.weight
create_tensor: loading tensor blk.43.ffn_up_exps.weight
create_tensor: loading tensor blk.43.ffn_gate_shexp.weight
create_tensor: loading tensor blk.43.ffn_down_shexp.weight
create_tensor: loading tensor blk.43.ffn_up_shexp.weight
create_tensor: loading tensor blk.44.attn_norm.weight
create_tensor: loading tensor blk.44.attn_q_a_norm.weight
create_tensor: loading tensor blk.44.attn_kv_a_norm.weight
create_tensor: loading tensor blk.44.attn_q_a.weight
create_tensor: loading tensor blk.44.attn_q_b.weight
create_tensor: loading tensor blk.44.attn_kv_a_mqa.weight
create_tensor: loading tensor blk.44.attn_k_b.weight
create_tensor: loading tensor blk.44.attn_v_b.weight
create_tensor: loading tensor blk.44.attn_output.weight
create_tensor: loading tensor blk.44.ffn_norm.weight
create_tensor: loading tensor blk.44.indexer.k_norm.weight
create_tensor: loading tensor blk.44.indexer.k_norm.bias
create_tensor: loading tensor blk.44.indexer.proj.weight
create_tensor: loading tensor blk.44.indexer.attn_k.weight
create_tensor: loading tensor blk.44.indexer.attn_q_b.weight
create_tensor: loading tensor blk.44.ffn_gate_inp.weight
create_tensor: loading tensor blk.44.exp_probs_b.bias
create_tensor: loading tensor blk.44.ffn_gate_exps.weight
create_tensor: loading tensor blk.44.ffn_down_exps.weight
create_tensor: loading tensor blk.44.ffn_up_exps.weight
create_tensor: loading tensor blk.44.ffn_gate_shexp.weight
create_tensor: loading tensor blk.44.ffn_down_shexp.weight
create_tensor: loading tensor blk.44.ffn_up_shexp.weight
create_tensor: loading tensor blk.45.attn_norm.weight
create_tensor: loading tensor blk.45.attn_q_a_norm.weight
create_tensor: loading tensor blk.45.attn_kv_a_norm.weight
create_tensor: loading tensor blk.45.attn_q_a.weight
create_tensor: loading tensor blk.45.attn_q_b.weight
create_tensor: loading tensor blk.45.attn_kv_a_mqa.weight
create_tensor: loading tensor blk.45.attn_k_b.weight
create_tensor: loading tensor blk.45.attn_v_b.weight
create_tensor: loading tensor blk.45.attn_output.weight
create_tensor: loading tensor blk.45.ffn_norm.weight
create_tensor: loading tensor blk.45.indexer.k_norm.weight
create_tensor: loading tensor blk.45.indexer.k_norm.bias
create_tensor: loading tensor blk.45.indexer.proj.weight
create_tensor: loading tensor blk.45.indexer.attn_k.weight
create_tensor: loading tensor blk.45.indexer.attn_q_b.weight
create_tensor: loading tensor blk.45.ffn_gate_inp.weight
create_tensor: loading tensor blk.45.exp_probs_b.bias
create_tensor: loading tensor blk.45.ffn_gate_exps.weight
create_tensor: loading tensor blk.45.ffn_down_exps.weight
create_tensor: loading tensor blk.45.ffn_up_exps.weight
create_tensor: loading tensor blk.45.ffn_gate_shexp.weight
create_tensor: loading tensor blk.45.ffn_down_shexp.weight
create_tensor: loading tensor blk.45.ffn_up_shexp.weight
create_tensor: loading tensor blk.46.attn_norm.weight
create_tensor: loading tensor blk.46.attn_q_a_norm.weight
create_tensor: loading tensor blk.46.attn_kv_a_norm.weight
create_tensor: loading tensor blk.46.attn_q_a.weight
create_tensor: loading tensor blk.46.attn_q_b.weight
create_tensor: loading tensor blk.46.attn_kv_a_mqa.weight
create_tensor: loading tensor blk.46.attn_k_b.weight
create_tensor: loading tensor blk.46.attn_v_b.weight
create_tensor: loading tensor blk.46.attn_output.weight
create_tensor: loading tensor blk.46.ffn_norm.weight
create_tensor: loading tensor blk.46.indexer.k_norm.weight
create_tensor: loading tensor blk.46.indexer.k_norm.bias
create_tensor: loading tensor blk.46.indexer.proj.weight
create_tensor: loading tensor blk.46.indexer.attn_k.weight
create_tensor: loading tensor blk.46.indexer.attn_q_b.weight
create_tensor: loading tensor blk.46.ffn_gate_inp.weight
create_tensor: loading tensor blk.46.exp_probs_b.bias
create_tensor: loading tensor blk.46.ffn_gate_exps.weight
create_tensor: loading tensor blk.46.ffn_down_exps.weight
create_tensor: loading tensor blk.46.ffn_up_exps.weight
create_tensor: loading tensor blk.46.ffn_gate_shexp.weight
create_tensor: loading tensor blk.46.ffn_down_shexp.weight
create_tensor: loading tensor blk.46.ffn_up_shexp.weight
create_tensor: loading tensor blk.47.attn_norm.weight
create_tensor: loading tensor blk.47.attn_q_a_norm.weight
create_tensor: loading tensor blk.47.attn_kv_a_norm.weight
create_tensor: loading tensor blk.47.attn_q_a.weight
create_tensor: loading tensor blk.47.attn_q_b.weight
create_tensor: loading tensor blk.47.attn_kv_a_mqa.weight
create_tensor: loading tensor blk.47.attn_k_b.weight
create_tensor: loading tensor blk.47.attn_v_b.weight
create_tensor: loading tensor blk.47.attn_output.weight
create_tensor: loading tensor blk.47.ffn_norm.weight
create_tensor: loading tensor blk.47.indexer.k_norm.weight
create_tensor: loading tensor blk.47.indexer.k_norm.bias
create_tensor: loading tensor blk.47.indexer.proj.weight
create_tensor: loading tensor blk.47.indexer.attn_k.weight
create_tensor: loading tensor blk.47.indexer.attn_q_b.weight
create_tensor: loading tensor blk.47.ffn_gate_inp.weight
create_tensor: loading tensor blk.47.exp_probs_b.bias
create_tensor: loading tensor blk.47.ffn_gate_exps.weight
create_tensor: loading tensor blk.47.ffn_down_exps.weight
create_tensor: loading tensor blk.47.ffn_up_exps.weight
create_tensor: loading tensor blk.47.ffn_gate_shexp.weight
create_tensor: loading tensor blk.47.ffn_down_shexp.weight
create_tensor: loading tensor blk.47.ffn_up_shexp.weight
create_tensor: loading tensor blk.48.attn_norm.weight
create_tensor: loading tensor blk.48.attn_q_a_norm.weight
create_tensor: loading tensor blk.48.attn_kv_a_norm.weight
create_tensor: loading tensor blk.48.attn_q_a.weight
create_tensor: loading tensor blk.48.attn_q_b.weight
create_tensor: loading tensor blk.48.attn_kv_a_mqa.weight
create_tensor: loading tensor blk.48.attn_k_b.weight
create_tensor: loading tensor blk.48.attn_v_b.weight
create_tensor: loading tensor blk.48.attn_output.weight
create_tensor: loading tensor blk.48.ffn_norm.weight
create_tensor: loading tensor blk.48.indexer.k_norm.weight
create_tensor: loading tensor blk.48.indexer.k_norm.bias
create_tensor: loading tensor blk.48.indexer.proj.weight
create_tensor: loading tensor blk.48.indexer.attn_k.weight
create_tensor: loading tensor blk.48.indexer.attn_q_b.weight
create_tensor: loading tensor blk.48.ffn_gate_inp.weight
create_tensor: loading tensor blk.48.exp_probs_b.bias
create_tensor: loading tensor blk.48.ffn_gate_exps.weight
create_tensor: loading tensor blk.48.ffn_down_exps.weight
create_tensor: loading tensor blk.48.ffn_up_exps.weight
create_tensor: loading tensor blk.48.ffn_gate_shexp.weight
create_tensor: loading tensor blk.48.ffn_down_shexp.weight
create_tensor: loading tensor blk.48.ffn_up_shexp.weight
create_tensor: loading tensor blk.49.attn_norm.weight
create_tensor: loading tensor blk.49.attn_q_a_norm.weight
create_tensor: loading tensor blk.49.attn_kv_a_norm.weight
create_tensor: loading tensor blk.49.attn_q_a.weight
create_tensor: loading tensor blk.49.attn_q_b.weight
create_tensor: loading tensor blk.49.attn_kv_a_mqa.weight
create_tensor: loading tensor blk.49.attn_k_b.weight
create_tensor: loading tensor blk.49.attn_v_b.weight
create_tensor: loading tensor blk.49.attn_output.weight
create_tensor: loading tensor blk.49.ffn_norm.weight
create_tensor: loading tensor blk.49.indexer.k_norm.weight
create_tensor: loading tensor blk.49.indexer.k_norm.bias
create_tensor: loading tensor blk.49.indexer.proj.weight
create_tensor: loading tensor blk.49.indexer.attn_k.weight
create_tensor: loading tensor blk.49.indexer.attn_q_b.weight
create_tensor: loading tensor blk.49.ffn_gate_inp.weight
create_tensor: loading tensor blk.49.exp_probs_b.bias
create_tensor: loading tensor blk.49.ffn_gate_exps.weight
create_tensor: loading tensor blk.49.ffn_down_exps.weight
create_tensor: loading tensor blk.49.ffn_up_exps.weight
create_tensor: loading tensor blk.49.ffn_gate_shexp.weight
create_tensor: loading tensor blk.49.ffn_down_shexp.weight
create_tensor: loading tensor blk.49.ffn_up_shexp.weight
create_tensor: loading tensor blk.50.attn_norm.weight
create_tensor: loading tensor blk.50.attn_q_a_norm.weight
create_tensor: loading tensor blk.50.attn_kv_a_norm.weight
create_tensor: loading tensor blk.50.attn_q_a.weight
create_tensor: loading tensor blk.50.attn_q_b.weight
create_tensor: loading tensor blk.50.attn_kv_a_mqa.weight
create_tensor: loading tensor blk.50.attn_k_b.weight
create_tensor: loading tensor blk.50.attn_v_b.weight
create_tensor: loading tensor blk.50.attn_output.weight
create_tensor: loading tensor blk.50.ffn_norm.weight
create_tensor: loading tensor blk.50.indexer.k_norm.weight
create_tensor: loading tensor blk.50.indexer.k_norm.bias
create_tensor: loading tensor blk.50.indexer.proj.weight
create_tensor: loading tensor blk.50.indexer.attn_k.weight
create_tensor: loading tensor blk.50.indexer.attn_q_b.weight
create_tensor: loading tensor blk.50.ffn_gate_inp.weight
create_tensor: loading tensor blk.50.exp_probs_b.bias
create_tensor: loading tensor blk.50.ffn_gate_exps.weight
create_tensor: loading tensor blk.50.ffn_down_exps.weight
create_tensor: loading tensor blk.50.ffn_up_exps.weight
create_tensor: loading tensor blk.50.ffn_gate_shexp.weight
create_tensor: loading tensor blk.50.ffn_down_shexp.weight
create_tensor: loading tensor blk.50.ffn_up_shexp.weight
create_tensor: loading tensor blk.51.attn_norm.weight
create_tensor: loading tensor blk.51.attn_q_a_norm.weight
create_tensor: loading tensor blk.51.attn_kv_a_norm.weight
create_tensor: loading tensor blk.51.attn_q_a.weight
create_tensor: loading tensor blk.51.attn_q_b.weight
create_tensor: loading tensor blk.51.attn_kv_a_mqa.weight
create_tensor: loading tensor blk.51.attn_k_b.weight
create_tensor: loading tensor blk.51.attn_v_b.weight
create_tensor: loading tensor blk.51.attn_output.weight
create_tensor: loading tensor blk.51.ffn_norm.weight
create_tensor: loading tensor blk.51.indexer.k_norm.weight
create_tensor: loading tensor blk.51.indexer.k_norm.bias
create_tensor: loading tensor blk.51.indexer.proj.weight
create_tensor: loading tensor blk.51.indexer.attn_k.weight
create_tensor: loading tensor blk.51.indexer.attn_q_b.weight
create_tensor: loading tensor blk.51.ffn_gate_inp.weight
create_tensor: loading tensor blk.51.exp_probs_b.bias
create_tensor: loading tensor blk.51.ffn_gate_exps.weight
create_tensor: loading tensor blk.51.ffn_down_exps.weight
create_tensor: loading tensor blk.51.ffn_up_exps.weight
create_tensor: loading tensor blk.51.ffn_gate_shexp.weight
create_tensor: loading tensor blk.51.ffn_down_shexp.weight
create_tensor: loading tensor blk.51.ffn_up_shexp.weight
create_tensor: loading tensor blk.52.attn_norm.weight
create_tensor: loading tensor blk.52.attn_q_a_norm.weight
create_tensor: loading tensor blk.52.attn_kv_a_norm.weight
create_tensor: loading tensor blk.52.attn_q_a.weight
create_tensor: loading tensor blk.52.attn_q_b.weight
create_tensor: loading tensor blk.52.attn_kv_a_mqa.weight
create_tensor: loading tensor blk.52.attn_k_b.weight
create_tensor: loading tensor blk.52.attn_v_b.weight
create_tensor: loading tensor blk.52.attn_output.weight
create_tensor: loading tensor blk.52.ffn_norm.weight
create_tensor: loading tensor blk.52.indexer.k_norm.weight
create_tensor: loading tensor blk.52.indexer.k_norm.bias
create_tensor: loading tensor blk.52.indexer.proj.weight
create_tensor: loading tensor blk.52.indexer.attn_k.weight
create_tensor: loading tensor blk.52.indexer.attn_q_b.weight
create_tensor: loading tensor blk.52.ffn_gate_inp.weight
create_tensor: loading tensor blk.52.exp_probs_b.bias
create_tensor: loading tensor blk.52.ffn_gate_exps.weight
create_tensor: loading tensor blk.52.ffn_down_exps.weight
create_tensor: loading tensor blk.52.ffn_up_exps.weight
create_tensor: loading tensor blk.52.ffn_gate_shexp.weight
create_tensor: loading tensor blk.52.ffn_down_shexp.weight
create_tensor: loading tensor blk.52.ffn_up_shexp.weight
create_tensor: loading tensor blk.53.attn_norm.weight
create_tensor: loading tensor blk.53.attn_q_a_norm.weight
create_tensor: loading tensor blk.53.attn_kv_a_norm.weight
create_tensor: loading tensor blk.53.attn_q_a.weight
create_tensor: loading tensor blk.53.attn_q_b.weight
create_tensor: loading tensor blk.53.attn_kv_a_mqa.weight
create_tensor: loading tensor blk.53.attn_k_b.weight
create_tensor: loading tensor blk.53.attn_v_b.weight
create_tensor: loading tensor blk.53.attn_output.weight
create_tensor: loading tensor blk.53.ffn_norm.weight
create_tensor: loading tensor blk.53.indexer.k_norm.weight
create_tensor: loading tensor blk.53.indexer.k_norm.bias
create_tensor: loading tensor blk.53.indexer.proj.weight
create_tensor: loading tensor blk.53.indexer.attn_k.weight
create_tensor: loading tensor blk.53.indexer.attn_q_b.weight
create_tensor: loading tensor blk.53.ffn_gate_inp.weight
create_tensor: loading tensor blk.53.exp_probs_b.bias
create_tensor: loading tensor blk.53.ffn_gate_exps.weight
create_tensor: loading tensor blk.53.ffn_down_exps.weight
create_tensor: loading tensor blk.53.ffn_up_exps.weight
create_tensor: loading tensor blk.53.ffn_gate_shexp.weight
create_tensor: loading tensor blk.53.ffn_down_shexp.weight
create_tensor: loading tensor blk.53.ffn_up_shexp.weight
create_tensor: loading tensor blk.54.attn_norm.weight
create_tensor: loading tensor blk.54.attn_q_a_norm.weight
create_tensor: loading tensor blk.54.attn_kv_a_norm.weight
create_tensor: loading tensor blk.54.attn_q_a.weight
create_tensor: loading tensor blk.54.attn_q_b.weight
create_tensor: loading tensor blk.54.attn_kv_a_mqa.weight
create_tensor: loading tensor blk.54.attn_k_b.weight
create_tensor: loading tensor blk.54.attn_v_b.weight
create_tensor: loading tensor blk.54.attn_output.weight
create_tensor: loading tensor blk.54.ffn_norm.weight
create_tensor: loading tensor blk.54.indexer.k_norm.weight
create_tensor: loading tensor blk.54.indexer.k_norm.bias
create_tensor: loading tensor blk.54.indexer.proj.weight
create_tensor: loading tensor blk.54.indexer.attn_k.weight
create_tensor: loading tensor blk.54.indexer.attn_q_b.weight
create_tensor: loading tensor blk.54.ffn_gate_inp.weight
create_tensor: loading tensor blk.54.exp_probs_b.bias
create_tensor: loading tensor blk.54.ffn_gate_exps.weight
create_tensor: loading tensor blk.54.ffn_down_exps.weight
create_tensor: loading tensor blk.54.ffn_up_exps.weight
create_tensor: loading tensor blk.54.ffn_gate_shexp.weight
create_tensor: loading tensor blk.54.ffn_down_shexp.weight
create_tensor: loading tensor blk.54.ffn_up_shexp.weight
create_tensor: loading tensor blk.55.attn_norm.weight
create_tensor: loading tensor blk.55.attn_q_a_norm.weight
create_tensor: loading tensor blk.55.attn_kv_a_norm.weight
create_tensor: loading tensor blk.55.attn_q_a.weight
create_tensor: loading tensor blk.55.attn_q_b.weight
create_tensor: loading tensor blk.55.attn_kv_a_mqa.weight
create_tensor: loading tensor blk.55.attn_k_b.weight
create_tensor: loading tensor blk.55.attn_v_b.weight
create_tensor: loading tensor blk.55.attn_output.weight
create_tensor: loading tensor blk.55.ffn_norm.weight
create_tensor: loading tensor blk.55.indexer.k_norm.weight
create_tensor: loading tensor blk.55.indexer.k_norm.bias
create_tensor: loading tensor blk.55.indexer.proj.weight
create_tensor: loading tensor blk.55.indexer.attn_k.weight
create_tensor: loading tensor blk.55.indexer.attn_q_b.weight
create_tensor: loading tensor blk.55.ffn_gate_inp.weight
create_tensor: loading tensor blk.55.exp_probs_b.bias
create_tensor: loading tensor blk.55.ffn_gate_exps.weight
create_tensor: loading tensor blk.55.ffn_down_exps.weight
create_tensor: loading tensor blk.55.ffn_up_exps.weight
create_tensor: loading tensor blk.55.ffn_gate_shexp.weight
create_tensor: loading tensor blk.55.ffn_down_shexp.weight
create_tensor: loading tensor blk.55.ffn_up_shexp.weight
create_tensor: loading tensor blk.56.attn_norm.weight
create_tensor: loading tensor blk.56.attn_q_a_norm.weight
create_tensor: loading tensor blk.56.attn_kv_a_norm.weight
create_tensor: loading tensor blk.56.attn_q_a.weight
create_tensor: loading tensor blk.56.attn_q_b.weight
create_tensor: loading tensor blk.56.attn_kv_a_mqa.weight
create_tensor: loading tensor blk.56.attn_k_b.weight
create_tensor: loading tensor blk.56.attn_v_b.weight
create_tensor: loading tensor blk.56.attn_output.weight
create_tensor: loading tensor blk.56.ffn_norm.weight
create_tensor: loading tensor blk.56.indexer.k_norm.weight
create_tensor: loading tensor blk.56.indexer.k_norm.bias
create_tensor: loading tensor blk.56.indexer.proj.weight
create_tensor: loading tensor blk.56.indexer.attn_k.weight
create_tensor: loading tensor blk.56.indexer.attn_q_b.weight
create_tensor: loading tensor blk.56.ffn_gate_inp.weight
create_tensor: loading tensor blk.56.exp_probs_b.bias
create_tensor: loading tensor blk.56.ffn_gate_exps.weight
create_tensor: loading tensor blk.56.ffn_down_exps.weight
create_tensor: loading tensor blk.56.ffn_up_exps.weight
create_tensor: loading tensor blk.56.ffn_gate_shexp.weight
create_tensor: loading tensor blk.56.ffn_down_shexp.weight
create_tensor: loading tensor blk.56.ffn_up_shexp.weight
create_tensor: loading tensor blk.57.attn_norm.weight
create_tensor: loading tensor blk.57.attn_q_a_norm.weight
create_tensor: loading tensor blk.57.attn_kv_a_norm.weight
create_tensor: loading tensor blk.57.attn_q_a.weight
create_tensor: loading tensor blk.57.attn_q_b.weight
create_tensor: loading tensor blk.57.attn_kv_a_mqa.weight
create_tensor: loading tensor blk.57.attn_k_b.weight
create_tensor: loading tensor blk.57.attn_v_b.weight
create_tensor: loading tensor blk.57.attn_output.weight
create_tensor: loading tensor blk.57.ffn_norm.weight
create_tensor: loading tensor blk.57.indexer.k_norm.weight
create_tensor: loading tensor blk.57.indexer.k_norm.bias
create_tensor: loading tensor blk.57.indexer.proj.weight
create_tensor: loading tensor blk.57.indexer.attn_k.weight
create_tensor: loading tensor blk.57.indexer.attn_q_b.weight
create_tensor: loading tensor blk.57.ffn_gate_inp.weight
create_tensor: loading tensor blk.57.exp_probs_b.bias
create_tensor: loading tensor blk.57.ffn_gate_exps.weight
create_tensor: loading tensor blk.57.ffn_down_exps.weight
create_tensor: loading tensor blk.57.ffn_up_exps.weight
create_tensor: loading tensor blk.57.ffn_gate_shexp.weight
create_tensor: loading tensor blk.57.ffn_down_shexp.weight
create_tensor: loading tensor blk.57.ffn_up_shexp.weight
create_tensor: loading tensor blk.58.attn_norm.weight
create_tensor: loading tensor blk.58.attn_q_a_norm.weight
create_tensor: loading tensor blk.58.attn_kv_a_norm.weight
create_tensor: loading tensor blk.58.attn_q_a.weight
create_tensor: loading tensor blk.58.attn_q_b.weight
create_tensor: loading tensor blk.58.attn_kv_a_mqa.weight
create_tensor: loading tensor blk.58.attn_k_b.weight
create_tensor: loading tensor blk.58.attn_v_b.weight
create_tensor: loading tensor blk.58.attn_output.weight
create_tensor: loading tensor blk.58.ffn_norm.weight
create_tensor: loading tensor blk.58.indexer.k_norm.weight
create_tensor: loading tensor blk.58.indexer.k_norm.bias
create_tensor: loading tensor blk.58.indexer.proj.weight
create_tensor: loading tensor blk.58.indexer.attn_k.weight
create_tensor: loading tensor blk.58.indexer.attn_q_b.weight
create_tensor: loading tensor blk.58.ffn_gate_inp.weight
create_tensor: loading tensor blk.58.exp_probs_b.bias
create_tensor: loading tensor blk.58.ffn_gate_exps.weight
create_tensor: loading tensor blk.58.ffn_down_exps.weight
create_tensor: loading tensor blk.58.ffn_up_exps.weight
create_tensor: loading tensor blk.58.ffn_gate_shexp.weight
create_tensor: loading tensor blk.58.ffn_down_shexp.weight
create_tensor: loading tensor blk.58.ffn_up_shexp.weight
create_tensor: loading tensor blk.59.attn_norm.weight
create_tensor: loading tensor blk.59.attn_q_a_norm.weight
create_tensor: loading tensor blk.59.attn_kv_a_norm.weight
create_tensor: loading tensor blk.59.attn_q_a.weight
create_tensor: loading tensor blk.59.attn_q_b.weight
create_tensor: loading tensor blk.59.attn_kv_a_mqa.weight
create_tensor: loading tensor blk.59.attn_k_b.weight
create_tensor: loading tensor blk.59.attn_v_b.weight
create_tensor: loading tensor blk.59.attn_output.weight
create_tensor: loading tensor blk.59.ffn_norm.weight
create_tensor: loading tensor blk.59.indexer.k_norm.weight
create_tensor: loading tensor blk.59.indexer.k_norm.bias
create_tensor: loading tensor blk.59.indexer.proj.weight
create_tensor: loading tensor blk.59.indexer.attn_k.weight
create_tensor: loading tensor blk.59.indexer.attn_q_b.weight
create_tensor: loading tensor blk.59.ffn_gate_inp.weight
create_tensor: loading tensor blk.59.exp_probs_b.bias
create_tensor: loading tensor blk.59.ffn_gate_exps.weight
create_tensor: loading tensor blk.59.ffn_down_exps.weight
create_tensor: loading tensor blk.59.ffn_up_exps.weight
create_tensor: loading tensor blk.59.ffn_gate_shexp.weight
create_tensor: loading tensor blk.59.ffn_down_shexp.weight
create_tensor: loading tensor blk.59.ffn_up_shexp.weight
create_tensor: loading tensor blk.60.attn_norm.weight
create_tensor: loading tensor blk.60.attn_q_a_norm.weight
create_tensor: loading tensor blk.60.attn_kv_a_norm.weight
create_tensor: loading tensor blk.60.attn_q_a.weight
create_tensor: loading tensor blk.60.attn_q_b.weight
create_tensor: loading tensor blk.60.attn_kv_a_mqa.weight
create_tensor: loading tensor blk.60.attn_k_b.weight
create_tensor: loading tensor blk.60.attn_v_b.weight
create_tensor: loading tensor blk.60.attn_output.weight
create_tensor: loading tensor blk.60.ffn_norm.weight
create_tensor: loading tensor blk.60.indexer.k_norm.weight
create_tensor: loading tensor blk.60.indexer.k_norm.bias
create_tensor: loading tensor blk.60.indexer.proj.weight
create_tensor: loading tensor blk.60.indexer.attn_k.weight
create_tensor: loading tensor blk.60.indexer.attn_q_b.weight
create_tensor: loading tensor blk.60.ffn_gate_inp.weight
create_tensor: loading tensor blk.60.exp_probs_b.bias
create_tensor: loading tensor blk.60.ffn_gate_exps.weight
create_tensor: loading tensor blk.60.ffn_down_exps.weight
create_tensor: loading tensor blk.60.ffn_up_exps.weight
create_tensor: loading tensor blk.60.ffn_gate_shexp.weight
create_tensor: loading tensor blk.60.ffn_down_shexp.weight
create_tensor: loading tensor blk.60.ffn_up_shexp.weight
create_tensor: loading tensor blk.61.attn_norm.weight
create_tensor: loading tensor blk.61.attn_q_a_norm.weight
create_tensor: loading tensor blk.61.attn_kv_a_norm.weight
create_tensor: loading tensor blk.61.attn_q_a.weight
create_tensor: loading tensor blk.61.attn_q_b.weight
create_tensor: loading tensor blk.61.attn_kv_a_mqa.weight
create_tensor: loading tensor blk.61.attn_k_b.weight
create_tensor: loading tensor blk.61.attn_v_b.weight
create_tensor: loading tensor blk.61.attn_output.weight
create_tensor: loading tensor blk.61.ffn_norm.weight
create_tensor: loading tensor blk.61.indexer.k_norm.weight
create_tensor: loading tensor blk.61.indexer.k_norm.bias
create_tensor: loading tensor blk.61.indexer.proj.weight
create_tensor: loading tensor blk.61.indexer.attn_k.weight
create_tensor: loading tensor blk.61.indexer.attn_q_b.weight
create_tensor: loading tensor blk.61.ffn_gate_inp.weight
create_tensor: loading tensor blk.61.exp_probs_b.bias
create_tensor: loading tensor blk.61.ffn_gate_exps.weight
create_tensor: loading tensor blk.61.ffn_down_exps.weight
create_tensor: loading tensor blk.61.ffn_up_exps.weight
create_tensor: loading tensor blk.61.ffn_gate_shexp.weight
create_tensor: loading tensor blk.61.ffn_down_shexp.weight
create_tensor: loading tensor blk.61.ffn_up_shexp.weight
create_tensor: loading tensor blk.62.attn_norm.weight
create_tensor: loading tensor blk.62.attn_q_a_norm.weight
create_tensor: loading tensor blk.62.attn_kv_a_norm.weight
create_tensor: loading tensor blk.62.attn_q_a.weight
create_tensor: loading tensor blk.62.attn_q_b.weight
create_tensor: loading tensor blk.62.attn_kv_a_mqa.weight
create_tensor: loading tensor blk.62.attn_k_b.weight
create_tensor: loading tensor blk.62.attn_v_b.weight
create_tensor: loading tensor blk.62.attn_output.weight
create_tensor: loading tensor blk.62.ffn_norm.weight
create_tensor: loading tensor blk.62.indexer.k_norm.weight
create_tensor: loading tensor blk.62.indexer.k_norm.bias
create_tensor: loading tensor blk.62.indexer.proj.weight
create_tensor: loading tensor blk.62.indexer.attn_k.weight
create_tensor: loading tensor blk.62.indexer.attn_q_b.weight
create_tensor: loading tensor blk.62.ffn_gate_inp.weight
create_tensor: loading tensor blk.62.exp_probs_b.bias
create_tensor: loading tensor blk.62.ffn_gate_exps.weight
create_tensor: loading tensor blk.62.ffn_down_exps.weight
create_tensor: loading tensor blk.62.ffn_up_exps.weight
create_tensor: loading tensor blk.62.ffn_gate_shexp.weight
create_tensor: loading tensor blk.62.ffn_down_shexp.weight
create_tensor: loading tensor blk.62.ffn_up_shexp.weight
create_tensor: loading tensor blk.63.attn_norm.weight
create_tensor: loading tensor blk.63.attn_q_a_norm.weight
create_tensor: loading tensor blk.63.attn_kv_a_norm.weight
create_tensor: loading tensor blk.63.attn_q_a.weight
create_tensor: loading tensor blk.63.attn_q_b.weight
create_tensor: loading tensor blk.63.attn_kv_a_mqa.weight
create_tensor: loading tensor blk.63.attn_k_b.weight
create_tensor: loading tensor blk.63.attn_v_b.weight
create_tensor: loading tensor blk.63.attn_output.weight
create_tensor: loading tensor blk.63.ffn_norm.weight
create_tensor: loading tensor blk.63.indexer.k_norm.weight
create_tensor: loading tensor blk.63.indexer.k_norm.bias
create_tensor: loading tensor blk.63.indexer.proj.weight
create_tensor: loading tensor blk.63.indexer.attn_k.weight
create_tensor: loading tensor blk.63.indexer.attn_q_b.weight
create_tensor: loading tensor blk.63.ffn_gate_inp.weight
create_tensor: loading tensor blk.63.exp_probs_b.bias
create_tensor: loading tensor blk.63.ffn_gate_exps.weight
create_tensor: loading tensor blk.63.ffn_down_exps.weight
create_tensor: loading tensor blk.63.ffn_up_exps.weight
create_tensor: loading tensor blk.63.ffn_gate_shexp.weight
create_tensor: loading tensor blk.63.ffn_down_shexp.weight
create_tensor: loading tensor blk.63.ffn_up_shexp.weight
create_tensor: loading tensor blk.64.attn_norm.weight
create_tensor: loading tensor blk.64.attn_q_a_norm.weight
create_tensor: loading tensor blk.64.attn_kv_a_norm.weight
create_tensor: loading tensor blk.64.attn_q_a.weight
create_tensor: loading tensor blk.64.attn_q_b.weight
create_tensor: loading tensor blk.64.attn_kv_a_mqa.weight
create_tensor: loading tensor blk.64.attn_k_b.weight
create_tensor: loading tensor blk.64.attn_v_b.weight
create_tensor: loading tensor blk.64.attn_output.weight
create_tensor: loading tensor blk.64.ffn_norm.weight
create_tensor: loading tensor blk.64.indexer.k_norm.weight
create_tensor: loading tensor blk.64.indexer.k_norm.bias
create_tensor: loading tensor blk.64.indexer.proj.weight
create_tensor: loading tensor blk.64.indexer.attn_k.weight
create_tensor: loading tensor blk.64.indexer.attn_q_b.weight
create_tensor: loading tensor blk.64.ffn_gate_inp.weight
create_tensor: loading tensor blk.64.exp_probs_b.bias
create_tensor: loading tensor blk.64.ffn_gate_exps.weight
create_tensor: loading tensor blk.64.ffn_down_exps.weight
create_tensor: loading tensor blk.64.ffn_up_exps.weight
create_tensor: loading tensor blk.64.ffn_gate_shexp.weight
create_tensor: loading tensor blk.64.ffn_down_shexp.weight
create_tensor: loading tensor blk.64.ffn_up_shexp.weight
create_tensor: loading tensor blk.65.attn_norm.weight
create_tensor: loading tensor blk.65.attn_q_a_norm.weight
create_tensor: loading tensor blk.65.attn_kv_a_norm.weight
create_tensor: loading tensor blk.65.attn_q_a.weight
create_tensor: loading tensor blk.65.attn_q_b.weight
create_tensor: loading tensor blk.65.attn_kv_a_mqa.weight
create_tensor: loading tensor blk.65.attn_k_b.weight
create_tensor: loading tensor blk.65.attn_v_b.weight
create_tensor: loading tensor blk.65.attn_output.weight
create_tensor: loading tensor blk.65.ffn_norm.weight
create_tensor: loading tensor blk.65.indexer.k_norm.weight
create_tensor: loading tensor blk.65.indexer.k_norm.bias
create_tensor: loading tensor blk.65.indexer.proj.weight
create_tensor: loading tensor blk.65.indexer.attn_k.weight
create_tensor: loading tensor blk.65.indexer.attn_q_b.weight
create_tensor: loading tensor blk.65.ffn_gate_inp.weight
create_tensor: loading tensor blk.65.exp_probs_b.bias
create_tensor: loading tensor blk.65.ffn_gate_exps.weight
create_tensor: loading tensor blk.65.ffn_down_exps.weight
create_tensor: loading tensor blk.65.ffn_up_exps.weight
create_tensor: loading tensor blk.65.ffn_gate_shexp.weight
create_tensor: loading tensor blk.65.ffn_down_shexp.weight
create_tensor: loading tensor blk.65.ffn_up_shexp.weight
create_tensor: loading tensor blk.66.attn_norm.weight
create_tensor: loading tensor blk.66.attn_q_a_norm.weight
create_tensor: loading tensor blk.66.attn_kv_a_norm.weight
create_tensor: loading tensor blk.66.attn_q_a.weight
create_tensor: loading tensor blk.66.attn_q_b.weight
create_tensor: loading tensor blk.66.attn_kv_a_mqa.weight
create_tensor: loading tensor blk.66.attn_k_b.weight
create_tensor: loading tensor blk.66.attn_v_b.weight
create_tensor: loading tensor blk.66.attn_output.weight
create_tensor: loading tensor blk.66.ffn_norm.weight
create_tensor: loading tensor blk.66.indexer.k_norm.weight
create_tensor: loading tensor blk.66.indexer.k_norm.bias
create_tensor: loading tensor blk.66.indexer.proj.weight
create_tensor: loading tensor blk.66.indexer.attn_k.weight
create_tensor: loading tensor blk.66.indexer.attn_q_b.weight
create_tensor: loading tensor blk.66.ffn_gate_inp.weight
create_tensor: loading tensor blk.66.exp_probs_b.bias
create_tensor: loading tensor blk.66.ffn_gate_exps.weight
create_tensor: loading tensor blk.66.ffn_down_exps.weight
create_tensor: loading tensor blk.66.ffn_up_exps.weight
create_tensor: loading tensor blk.66.ffn_gate_shexp.weight
create_tensor: loading tensor blk.66.ffn_down_shexp.weight
create_tensor: loading tensor blk.66.ffn_up_shexp.weight
create_tensor: loading tensor blk.67.attn_norm.weight
create_tensor: loading tensor blk.67.attn_q_a_norm.weight
create_tensor: loading tensor blk.67.attn_kv_a_norm.weight
create_tensor: loading tensor blk.67.attn_q_a.weight
create_tensor: loading tensor blk.67.attn_q_b.weight
create_tensor: loading tensor blk.67.attn_kv_a_mqa.weight
create_tensor: loading tensor blk.67.attn_k_b.weight
create_tensor: loading tensor blk.67.attn_v_b.weight
create_tensor: loading tensor blk.67.attn_output.weight
create_tensor: loading tensor blk.67.ffn_norm.weight
create_tensor: loading tensor blk.67.indexer.k_norm.weight
create_tensor: loading tensor blk.67.indexer.k_norm.bias
create_tensor: loading tensor blk.67.indexer.proj.weight
create_tensor: loading tensor blk.67.indexer.attn_k.weight
create_tensor: loading tensor blk.67.indexer.attn_q_b.weight
create_tensor: loading tensor blk.67.ffn_gate_inp.weight
create_tensor: loading tensor blk.67.exp_probs_b.bias
create_tensor: loading tensor blk.67.ffn_gate_exps.weight
create_tensor: loading tensor blk.67.ffn_down_exps.weight
create_tensor: loading tensor blk.67.ffn_up_exps.weight
create_tensor: loading tensor blk.67.ffn_gate_shexp.weight
create_tensor: loading tensor blk.67.ffn_down_shexp.weight
create_tensor: loading tensor blk.67.ffn_up_shexp.weight
create_tensor: loading tensor blk.68.attn_norm.weight
create_tensor: loading tensor blk.68.attn_q_a_norm.weight
create_tensor: loading tensor blk.68.attn_kv_a_norm.weight
create_tensor: loading tensor blk.68.attn_q_a.weight
create_tensor: loading tensor blk.68.attn_q_b.weight
create_tensor: loading tensor blk.68.attn_kv_a_mqa.weight
create_tensor: loading tensor blk.68.attn_k_b.weight
create_tensor: loading tensor blk.68.attn_v_b.weight
create_tensor: loading tensor blk.68.attn_output.weight
create_tensor: loading tensor blk.68.ffn_norm.weight
create_tensor: loading tensor blk.68.indexer.k_norm.weight
create_tensor: loading tensor blk.68.indexer.k_norm.bias
create_tensor: loading tensor blk.68.indexer.proj.weight
create_tensor: loading tensor blk.68.indexer.attn_k.weight
create_tensor: loading tensor blk.68.indexer.attn_q_b.weight
create_tensor: loading tensor blk.68.ffn_gate_inp.weight
create_tensor: loading tensor blk.68.exp_probs_b.bias
create_tensor: loading tensor blk.68.ffn_gate_exps.weight
create_tensor: loading tensor blk.68.ffn_down_exps.weight
create_tensor: loading tensor blk.68.ffn_up_exps.weight
create_tensor: loading tensor blk.68.ffn_gate_shexp.weight
create_tensor: loading tensor blk.68.ffn_down_shexp.weight
create_tensor: loading tensor blk.68.ffn_up_shexp.weight
create_tensor: loading tensor blk.69.attn_norm.weight
create_tensor: loading tensor blk.69.attn_q_a_norm.weight
create_tensor: loading tensor blk.69.attn_kv_a_norm.weight
create_tensor: loading tensor blk.69.attn_q_a.weight
create_tensor: loading tensor blk.69.attn_q_b.weight
create_tensor: loading tensor blk.69.attn_kv_a_mqa.weight
create_tensor: loading tensor blk.69.attn_k_b.weight
create_tensor: loading tensor blk.69.attn_v_b.weight
create_tensor: loading tensor blk.69.attn_output.weight
create_tensor: loading tensor blk.69.ffn_norm.weight
create_tensor: loading tensor blk.69.indexer.k_norm.weight
create_tensor: loading tensor blk.69.indexer.k_norm.bias
create_tensor: loading tensor blk.69.indexer.proj.weight
create_tensor: loading tensor blk.69.indexer.attn_k.weight
create_tensor: loading tensor blk.69.indexer.attn_q_b.weight
create_tensor: loading tensor blk.69.ffn_gate_inp.weight
create_tensor: loading tensor blk.69.exp_probs_b.bias
create_tensor: loading tensor blk.69.ffn_gate_exps.weight
create_tensor: loading tensor blk.69.ffn_down_exps.weight
create_tensor: loading tensor blk.69.ffn_up_exps.weight
create_tensor: loading tensor blk.69.ffn_gate_shexp.weight
create_tensor: loading tensor blk.69.ffn_down_shexp.weight
create_tensor: loading tensor blk.69.ffn_up_shexp.weight
create_tensor: loading tensor blk.70.attn_norm.weight
create_tensor: loading tensor blk.70.attn_q_a_norm.weight
create_tensor: loading tensor blk.70.attn_kv_a_norm.weight
create_tensor: loading tensor blk.70.attn_q_a.weight
create_tensor: loading tensor blk.70.attn_q_b.weight
create_tensor: loading tensor blk.70.attn_kv_a_mqa.weight
create_tensor: loading tensor blk.70.attn_k_b.weight
create_tensor: loading tensor blk.70.attn_v_b.weight
create_tensor: loading tensor blk.70.attn_output.weight
create_tensor: loading tensor blk.70.ffn_norm.weight
create_tensor: loading tensor blk.70.indexer.k_norm.weight
create_tensor: loading tensor blk.70.indexer.k_norm.bias
create_tensor: loading tensor blk.70.indexer.proj.weight
create_tensor: loading tensor blk.70.indexer.attn_k.weight
create_tensor: loading tensor blk.70.indexer.attn_q_b.weight
create_tensor: loading tensor blk.70.ffn_gate_inp.weight
create_tensor: loading tensor blk.70.exp_probs_b.bias
create_tensor: loading tensor blk.70.ffn_gate_exps.weight
create_tensor: loading tensor blk.70.ffn_down_exps.weight
create_tensor: loading tensor blk.70.ffn_up_exps.weight
create_tensor: loading tensor blk.70.ffn_gate_shexp.weight
create_tensor: loading tensor blk.70.ffn_down_shexp.weight
create_tensor: loading tensor blk.70.ffn_up_shexp.weight
create_tensor: loading tensor blk.71.attn_norm.weight
create_tensor: loading tensor blk.71.attn_q_a_norm.weight
create_tensor: loading tensor blk.71.attn_kv_a_norm.weight
create_tensor: loading tensor blk.71.attn_q_a.weight
create_tensor: loading tensor blk.71.attn_q_b.weight
create_tensor: loading tensor blk.71.attn_kv_a_mqa.weight
create_tensor: loading tensor blk.71.attn_k_b.weight
create_tensor: loading tensor blk.71.attn_v_b.weight
create_tensor: loading tensor blk.71.attn_output.weight
create_tensor: loading tensor blk.71.ffn_norm.weight
create_tensor: loading tensor blk.71.indexer.k_norm.weight
create_tensor: loading tensor blk.71.indexer.k_norm.bias
create_tensor: loading tensor blk.71.indexer.proj.weight
create_tensor: loading tensor blk.71.indexer.attn_k.weight
create_tensor: loading tensor blk.71.indexer.attn_q_b.weight
create_tensor: loading tensor blk.71.ffn_gate_inp.weight
create_tensor: loading tensor blk.71.exp_probs_b.bias
create_tensor: loading tensor blk.71.ffn_gate_exps.weight
create_tensor: loading tensor blk.71.ffn_down_exps.weight
create_tensor: loading tensor blk.71.ffn_up_exps.weight
create_tensor: loading tensor blk.71.ffn_gate_shexp.weight
create_tensor: loading tensor blk.71.ffn_down_shexp.weight
create_tensor: loading tensor blk.71.ffn_up_shexp.weight
create_tensor: loading tensor blk.72.attn_norm.weight
create_tensor: loading tensor blk.72.attn_q_a_norm.weight
create_tensor: loading tensor blk.72.attn_kv_a_norm.weight
create_tensor: loading tensor blk.72.attn_q_a.weight
create_tensor: loading tensor blk.72.attn_q_b.weight
create_tensor: loading tensor blk.72.attn_kv_a_mqa.weight
create_tensor: loading tensor blk.72.attn_k_b.weight
create_tensor: loading tensor blk.72.attn_v_b.weight
create_tensor: loading tensor blk.72.attn_output.weight
create_tensor: loading tensor blk.72.ffn_norm.weight
create_tensor: loading tensor blk.72.indexer.k_norm.weight
create_tensor: loading tensor blk.72.indexer.k_norm.bias
create_tensor: loading tensor blk.72.indexer.proj.weight
create_tensor: loading tensor blk.72.indexer.attn_k.weight
create_tensor: loading tensor blk.72.indexer.attn_q_b.weight
create_tensor: loading tensor blk.72.ffn_gate_inp.weight
create_tensor: loading tensor blk.72.exp_probs_b.bias
create_tensor: loading tensor blk.72.ffn_gate_exps.weight
create_tensor: loading tensor blk.72.ffn_down_exps.weight
create_tensor: loading tensor blk.72.ffn_up_exps.weight
create_tensor: loading tensor blk.72.ffn_gate_shexp.weight
create_tensor: loading tensor blk.72.ffn_down_shexp.weight
create_tensor: loading tensor blk.72.ffn_up_shexp.weight
create_tensor: loading tensor blk.73.attn_norm.weight
create_tensor: loading tensor blk.73.attn_q_a_norm.weight
create_tensor: loading tensor blk.73.attn_kv_a_norm.weight
create_tensor: loading tensor blk.73.attn_q_a.weight
create_tensor: loading tensor blk.73.attn_q_b.weight
create_tensor: loading tensor blk.73.attn_kv_a_mqa.weight
create_tensor: loading tensor blk.73.attn_k_b.weight
create_tensor: loading tensor blk.73.attn_v_b.weight
create_tensor: loading tensor blk.73.attn_output.weight
create_tensor: loading tensor blk.73.ffn_norm.weight
create_tensor: loading tensor blk.73.indexer.k_norm.weight
create_tensor: loading tensor blk.73.indexer.k_norm.bias
create_tensor: loading tensor blk.73.indexer.proj.weight
create_tensor: loading tensor blk.73.indexer.attn_k.weight
create_tensor: loading tensor blk.73.indexer.attn_q_b.weight
create_tensor: loading tensor blk.73.ffn_gate_inp.weight
create_tensor: loading tensor blk.73.exp_probs_b.bias
create_tensor: loading tensor blk.73.ffn_gate_exps.weight
create_tensor: loading tensor blk.73.ffn_down_exps.weight
create_tensor: loading tensor blk.73.ffn_up_exps.weight
create_tensor: loading tensor blk.73.ffn_gate_shexp.weight
create_tensor: loading tensor blk.73.ffn_down_shexp.weight
create_tensor: loading tensor blk.73.ffn_up_shexp.weight
create_tensor: loading tensor blk.74.attn_norm.weight
create_tensor: loading tensor blk.74.attn_q_a_norm.weight
create_tensor: loading tensor blk.74.attn_kv_a_norm.weight
create_tensor: loading tensor blk.74.attn_q_a.weight
create_tensor: loading tensor blk.74.attn_q_b.weight
create_tensor: loading tensor blk.74.attn_kv_a_mqa.weight
create_tensor: loading tensor blk.74.attn_k_b.weight
create_tensor: loading tensor blk.74.attn_v_b.weight
create_tensor: loading tensor blk.74.attn_output.weight
create_tensor: loading tensor blk.74.ffn_norm.weight
create_tensor: loading tensor blk.74.indexer.k_norm.weight
create_tensor: loading tensor blk.74.indexer.k_norm.bias
create_tensor: loading tensor blk.74.indexer.proj.weight
create_tensor: loading tensor blk.74.indexer.attn_k.weight
create_tensor: loading tensor blk.74.indexer.attn_q_b.weight
create_tensor: loading tensor blk.74.ffn_gate_inp.weight
create_tensor: loading tensor blk.74.exp_probs_b.bias
create_tensor: loading tensor blk.74.ffn_gate_exps.weight
create_tensor: loading tensor blk.74.ffn_down_exps.weight
create_tensor: loading tensor blk.74.ffn_up_exps.weight
create_tensor: loading tensor blk.74.ffn_gate_shexp.weight
create_tensor: loading tensor blk.74.ffn_down_shexp.weight
create_tensor: loading tensor blk.74.ffn_up_shexp.weight
create_tensor: loading tensor blk.75.attn_norm.weight
create_tensor: loading tensor blk.75.attn_q_a_norm.weight
create_tensor: loading tensor blk.75.attn_kv_a_norm.weight
create_tensor: loading tensor blk.75.attn_q_a.weight
create_tensor: loading tensor blk.75.attn_q_b.weight
create_tensor: loading tensor blk.75.attn_kv_a_mqa.weight
create_tensor: loading tensor blk.75.attn_k_b.weight
create_tensor: loading tensor blk.75.attn_v_b.weight
create_tensor: loading tensor blk.75.attn_output.weight
create_tensor: loading tensor blk.75.ffn_norm.weight
create_tensor: loading tensor blk.75.indexer.k_norm.weight
create_tensor: loading tensor blk.75.indexer.k_norm.bias
create_tensor: loading tensor blk.75.indexer.proj.weight
create_tensor: loading tensor blk.75.indexer.attn_k.weight
create_tensor: loading tensor blk.75.indexer.attn_q_b.weight
create_tensor: loading tensor blk.75.ffn_gate_inp.weight
create_tensor: loading tensor blk.75.exp_probs_b.bias
create_tensor: loading tensor blk.75.ffn_gate_exps.weight
create_tensor: loading tensor blk.75.ffn_down_exps.weight
create_tensor: loading tensor blk.75.ffn_up_exps.weight
create_tensor: loading tensor blk.75.ffn_gate_shexp.weight
create_tensor: loading tensor blk.75.ffn_down_shexp.weight
create_tensor: loading tensor blk.75.ffn_up_shexp.weight
create_tensor: loading tensor blk.76.attn_norm.weight
create_tensor: loading tensor blk.76.attn_q_a_norm.weight
create_tensor: loading tensor blk.76.attn_kv_a_norm.weight
create_tensor: loading tensor blk.76.attn_q_a.weight
create_tensor: loading tensor blk.76.attn_q_b.weight
create_tensor: loading tensor blk.76.attn_kv_a_mqa.weight
create_tensor: loading tensor blk.76.attn_k_b.weight
create_tensor: loading tensor blk.76.attn_v_b.weight
create_tensor: loading tensor blk.76.attn_output.weight
create_tensor: loading tensor blk.76.ffn_norm.weight
create_tensor: loading tensor blk.76.indexer.k_norm.weight
create_tensor: loading tensor blk.76.indexer.k_norm.bias
create_tensor: loading tensor blk.76.indexer.proj.weight
create_tensor: loading tensor blk.76.indexer.attn_k.weight
create_tensor: loading tensor blk.76.indexer.attn_q_b.weight
create_tensor: loading tensor blk.76.ffn_gate_inp.weight
create_tensor: loading tensor blk.76.exp_probs_b.bias
create_tensor: loading tensor blk.76.ffn_gate_exps.weight
create_tensor: loading tensor blk.76.ffn_down_exps.weight
create_tensor: loading tensor blk.76.ffn_up_exps.weight
create_tensor: loading tensor blk.76.ffn_gate_shexp.weight
create_tensor: loading tensor blk.76.ffn_down_shexp.weight
create_tensor: loading tensor blk.76.ffn_up_shexp.weight
create_tensor: loading tensor blk.77.attn_norm.weight
create_tensor: loading tensor blk.77.attn_q_a_norm.weight
create_tensor: loading tensor blk.77.attn_kv_a_norm.weight
create_tensor: loading tensor blk.77.attn_q_a.weight
create_tensor: loading tensor blk.77.attn_q_b.weight
create_tensor: loading tensor blk.77.attn_kv_a_mqa.weight
create_tensor: loading tensor blk.77.attn_k_b.weight
create_tensor: loading tensor blk.77.attn_v_b.weight
create_tensor: loading tensor blk.77.attn_output.weight
create_tensor: loading tensor blk.77.ffn_norm.weight
create_tensor: loading tensor blk.77.indexer.k_norm.weight
create_tensor: loading tensor blk.77.indexer.k_norm.bias
create_tensor: loading tensor blk.77.indexer.proj.weight
create_tensor: loading tensor blk.77.indexer.attn_k.weight
create_tensor: loading tensor blk.77.indexer.attn_q_b.weight
create_tensor: loading tensor blk.77.ffn_gate_inp.weight
create_tensor: loading tensor blk.77.exp_probs_b.bias
create_tensor: loading tensor blk.77.ffn_gate_exps.weight
create_tensor: loading tensor blk.77.ffn_down_exps.weight
create_tensor: loading tensor blk.77.ffn_up_exps.weight
create_tensor: loading tensor blk.77.ffn_gate_shexp.weight
create_tensor: loading tensor blk.77.ffn_down_shexp.weight
create_tensor: loading tensor blk.77.ffn_up_shexp.weight
model has unused tensor blk.78.attn_norm.weight (size = 24576 bytes) -- ignoring
model has unused tensor blk.78.attn_q_a_norm.weight (size = 8192 bytes) -- ignoring
model has unused tensor blk.78.attn_kv_a_norm.weight (size = 2048 bytes) -- ignoring
model has unused tensor blk.78.attn_q_a.weight (size = 8650752 bytes) -- ignoring
model has unused tensor blk.78.attn_q_b.weight (size = 35651584 bytes) -- ignoring
model has unused tensor blk.78.attn_kv_a_mqa.weight (size = 3760128 bytes) -- ignoring
model has unused tensor blk.78.attn_k_b.weight (size = 6684672 bytes) -- ignoring
model has unused tensor blk.78.attn_v_b.weight (size = 8912896 bytes) -- ignoring
model has unused tensor blk.78.attn_output.weight (size = 69206016 bytes) -- ignoring
model has unused tensor blk.78.ffn_norm.weight (size = 24576 bytes) -- ignoring
model has unused tensor blk.78.indexer.k_norm.weight (size = 512 bytes) -- ignoring
model has unused tensor blk.78.indexer.k_norm.bias (size = 512 bytes) -- ignoring
model has unused tensor blk.78.indexer.proj.weight (size = 786432 bytes) -- ignoring
model has unused tensor blk.78.indexer.attn_k.weight (size = 835584 bytes) -- ignoring
model has unused tensor blk.78.indexer.attn_q_b.weight (size = 8912896 bytes) -- ignoring
model has unused tensor blk.78.ffn_gate_inp.weight (size = 6291456 bytes) -- ignoring
create_tensor: loading tensor blk.78.exp_probs_b.bias
model has unused tensor blk.78.ffn_gate_exps.weight (size = 1056964608 bytes) -- ignoring
model has unused tensor blk.78.ffn_down_exps.weight (size = 1384120320 bytes) -- ignoring
model has unused tensor blk.78.ffn_up_exps.weight (size = 1056964608 bytes) -- ignoring
model has unused tensor blk.78.ffn_gate_shexp.weight (size = 8650752 bytes) -- ignoring
model has unused tensor blk.78.ffn_down_shexp.weight (size = 10321920 bytes) -- ignoring
model has unused tensor blk.78.ffn_up_shexp.weight (size = 8650752 bytes) -- ignoring
model has unused tensor blk.78.nextn.eh_proj.weight (size = 80216064 bytes) -- ignoring
model has unused tensor blk.78.nextn.enorm.weight (size = 24576 bytes) -- ignoring
model has unused tensor blk.78.nextn.hnorm.weight (size = 24576 bytes) -- ignoring
model has unused tensor blk.78.nextn.shared_head_norm.weight (size = 24576 bytes) -- ignoring
done_getting_tensors: tensor 'token_embd.weight' (q5_K) (and 0 others) cannot be used with preferred buffer type CUDA_Host, using CPU instead
Command terminated by signal 2
	Command being timed: "/work/build-compress/bin/llama-moe-saliency -m /work/GLM-5.2-GGUF/UD-IQ2_M/GLM-5.2-UD-IQ2_M-00001-of-00006.gguf -ngl 99 -fa 1 -ctk q8_0 -ctv q8_0 -c 4096 -b 512 -f /work/oracle/tput_probe.txt"
	User time (seconds): 1.42
	System time (seconds): 48.10
	Percent of CPU this job got: 16%
	Elapsed (wall clock) time (h:mm:ss or m:ss): 5:09.44
	Average shared text size (kbytes): 0
	Average unshared data size (kbytes): 0
	Average stack size (kbytes): 0
	Average total size (kbytes): 0
	Maximum resident set size (kbytes): 59377896
	Average resident set size (kbytes): 0
	Major (requiring I/O) page faults: 972
	Minor (reclaiming a frame) page faults: 1261534
	Voluntary context switches: 207943
	Involuntary context switches: 27
	Swaps: 0
	File system inputs: 117145408
	File system outputs: 496
	Socket messages sent: 0
	Socket messages received: 0
	Signals delivered: 0
	Page size (bytes): 4096
	Exit status: 0
